a_idx,b_idx,match_score,a_name,b_name,a_phone,b_phone,a_date,b_date,a_address,b_address
14139,14387,1.01,John Wilson,  JOHN WILSON ,+64544996215,64544996215,26.06.84,1984-06-26T00:00:00.000Z,"6066 Sunset Blvd, Fairfax, MD","6066 Sunset Blvd, Fairfax, MD"
11775,1799,1.01,Matthew Thomas,Matthew Thomas,+18559919658,18559919658,11.01.86,1986-01-11T00:00:00.000Z,"6524 Washington Ave, Rockville, MD","6524 Washington Ave, Rockville, MD"
9845,13428,1.01,Anthony Hernandez,Anthony Hernandez,+52627409501,52627409501,26.10.97,1997-10-26T00:00:00.000Z,"9843 Highland Rd, Arlington, MD","9843 Highland Rd, Arlington, MD"
9736,359,1.01,Susan Thomas,  SUSAN THOMAS ,+19776526211,19776526211,17.03.22,2022-03-17T00:00:00.000Z,"1019 Sunset Blvd, Rockville, MD","1019 Sunset Blvd, Rockville, MD"
5776,8074,1.01,Daniel Rodriguez,Daniel Rodriguez,+19313083449,19313083449,07.10.12,2012-10-07T00:00:00.000Z,"3651 Lakeview Dr, Bethesda, MD","3651 Lakeview Dr, Bethesda, MD"
2765,14857,1.01,Anthony anderson,Anthony Anderson,+82271147641,82271147641,12.04.89,1989-04-12T00:00:00.000Z,"9627 Highland Rd, Rockville, MD","9627 Highland Rd, Rockville, MD"
2314,223,1.01,Anthony Garcia,Anthony Garcia,+25569989981,25569989981,20.06.06,2006-06-20T00:00:00.000Z,"3045 Highland Rd, Baltimore, VA","3045 Highland Rd, Baltimore, VA"
14113,2759,0.98,John Lopez,John Lopez,+34293676676,34293676676,31.10.93,1993-10-31T00:00:00.000Z,"7448 Cedar Ln, Fairfax, MD","7448 Cedar Ln, Fairfax, MD"
12263,8304,0.98,Jessica Brown,Jessica Brown,+21089528908,21089528908,26.05.13,2013-05-26T00:00:00.000Z,"6753 Pine Rd, Alexandria, MD","6753 Pine Rd, Alexandria, MD"
11556,11688,0.98,Barbara Jones,Barbara Jones,+91049905940,91049905940,13.07.96,1996-07-13T00:00:00.000Z,"2068 Highland Rd, Baltimore, MD","2068 Highland Rd, Baltimore, MD"
11307,13578,0.98,Robert Martinez,Robert Martinez,+04683242091,04683242091,20.11.93,1993-11-20T00:00:00.000Z,"8138 Highland Rd, Bethesda, VA","8138 Highland Rd, Bethesda, VA"
9821,11259,0.98,Barbara Martin,Barbara Martin,+26041091471,26041091471,12.08.84,1984-08-12T00:00:00.000Z,"APT 2, 7304 Maple Dr, Alexandria, VA","7304 Maple Dr, Alexandria, VA"
8895,3419,0.98,Jennifer Jackson,Jennifer Jackson,+62652388761,62652388761,27.10.93,1993-10-27T00:00:00.000Z,"8825 Washington Ave, Bethesda, VA","8825 Washington Ave, Bethesda, VA"
8424,8807,0.98,Elizabeth Williams,Elizabeth Williams,+69683992632,69683992632,04.08.69,1969-08-04T00:00:00.000Z,"5587 Oak Ave, Fairfax, DC","5587 Oak Ave, Fairfax, DC"
8187,4918,0.98,David Thomas,David Thomas,+60958840426,60958840426,19.06.16,2016-06-19T00:00:00.000Z,"8909 Oak Ave, Arlington, MD","8909 Oak Ave, Arlington, MD"
8175,10506,0.98,Linda Taylor,Linda Taylor,+83945186313,83945186313,09.06.11,2011-06-09T00:00:00.000Z,"1659 Main St, Rockville, DC","1659 Main St, Rockville, DC"
7806,6946,0.98,William Johnson,William Johnson,+36393367589,36393367589,23.07.98,1998-07-23T00:00:00.000Z,"5607 Sunset Blvd, Rockville, MD","5607 Sunset Blvd, Rockville, MD"
7709,4335,0.98,John Jackson,John Jackson,+65069060574,65069060574,04.02.78,1978-02-04T00:00:00.000Z,"9560 Sunset Blvd, Alexandria, DC","9560 Sunset Blvd, Alexandria, DC"
6399,13417,0.98,Sandra Williams,Sandra Williams,+53579229948,53579229948,22.07.13,2013-07-22T00:00:00.000Z,"2772 Maple Dr, Rockville, MD","2772 Maple Dr, Rockville, MD"
5919,9433,0.98,Mary Garcia,Mary Garcia,+61664611055,61664611055,22.08.72,1972-08-22T00:00:00.000Z,"4372 Lakeview Dr, Rockville, MD","4372 Lakeview Dr, Rockville, MD"
2573,12851,0.98,Christopher Rodriguez,Christopher Rodriguez,+45121259958,45121259958,05.03.98,1998-03-05T00:00:00.000Z,"3817 Lakeview Dr, Arlington, DC","3817 Lakeview Dr, Arlington, DC"
1041,9512,0.98,James Hernandez,James Hernandez,+28988422063,28988422063,30.03.71,1971-03-30T00:00:00.000Z,"6794 Cedar Ln, Arlington, MD","6794 Cedar Ln, Arlington, MD"
168,1955,0.98,John Lopez,John Lopez,+33434746961,33434746961,11.08.00,2000-08-11T00:00:00.000Z,"4214 Cedar Ln, Fairfax, DC","4214 Cedar Ln, Fairfax, DC"
14498,7923,0.96,Jennifer Garcia,Jennifer Garcia,+70380493073,70380493073,25.07.22,2022-07-25T00:00:00.000Z," 9538 Sunset Blvd, Norfolk, VA ","9538 Sunset Blvd, Norfolk, VA"
14206,1675,0.96,Joseph Brown,Joseph Brown,+86475160920,86475160920,13.11.15,2015-11-13T00:00:00.000Z,"5583 Lakeview Dr, Richmond, MD","5583 Lakeview Dr, Richmond, MD"
14149,10456,0.96,Mary Wilson,Mary Wilson,+52615008667,52615008667,28.12.90,1990-12-28T00:00:00.000Z,"9881 Highland Rd, Arlington, VA","9881 Highland Rd, Arlington, VA"
14108,14627,0.96,Jessica Johnson,Jessica Johnson,+39916230690,39916230690,04.10.96,1996-10-04T00:00:00.000Z,"2464 Lakeview Dr, Fairfax, DC","2464 Lakeview Dr, Fairfax, DC"
13931,6305,0.96,Susan Martin,Susan Martin,+57252953946,57252953946,05.08.72,1972-08-05T00:00:00.000Z,"9017 Lakeview Dr, Bethesda, VA","9017 Lakeview Dr, Bethesda, VA"
13576,9912,0.96,Michael Rodriguez,Michael Rodriguez,+84814758837,84814758837,19.12.16,2016-12-19T00:00:00.000Z,"7560 Highland Rd, Richmond, VA","7560 Highland Rd, Richmond, VA"
13567,11267,0.96,Karen Thomas,Karen Thomas,+16753444939,16753444939,13.02.86,1986-02-13T00:00:00.000Z,"9683 Lakeview Dr, Bethesda, VA","9683 Lakeview Dr, Bethesda, VA"
13353,4746,0.96,Patricia Lopez,Patricia Lopez,+59260397513,59260397513,29.08.12,2012-08-29T00:00:00.000Z,"8759 Cedar Ln, Fairfax, VA","8759 Cedar Ln, Fairfax, VA"
12717,14869,0.96,Joseph Miller,Joseph Miller,+51447686667,51447686667,06.06.23,2023-06-06T00:00:00.000Z,"2104 Washington Ave, Fairfax, VA","2104 Washington Ave, Fairfax, VA"
12450,8456,0.96,Susan Jones,Susan Jones,+57365864063,57365864063,24.12.93,1993-12-24T00:00:00.000Z,"2016 Maple Dr, Norfolk, VA","2016 Maple Dr, Norfolk, VA"
12389,230,0.96,Nancy Jackson,Nancy Jackson,+88686776780,88686776780,27.12.24,2024-12-27T00:00:00.000Z,"3837 Highland Rd, Norfolk, VA","3837 Highland Rd, Norfolk, VA"
11133,1819,0.96,John Hernandez,John Hernandez,+51530000704,51530000704,16.04.01,2001-04-16T00:00:00.000Z,"6538 Sunset Blvd, Baltimore, VA","6538 Sunset Blvd, Baltimore, VA"
10700,7427,0.96,Matthew Miller,Matthew Miller,+65557807726,65557807726,19.04.06,2006-04-19T00:00:00.000Z,"9762 Highland Rd, Rockville, DC","9762 Highland Rd, Rockville, DC"
10602,8317,0.96,Nancy Johnson,Nancy Johnson,+05600128425,05600128425,13.05.08,2008-05-13T00:00:00.000Z,"2838 Lakeview Dr, Baltimore, MD","2838 Lakeview Dr, Baltimore, MD"
10503,1289,0.96,Nancy Martin,Nancy Martin,+52870649440,52870649440,18.01.81,1981-01-18T00:00:00.000Z,"4779 Sunset Blvd, Baltimore, DC","4779 Sunset Blvd, Baltimore, DC"
10145,9766,0.96,Karen Anderson,Karen Anderson,+12930752887,12930752887,15.12.78,1978-12-15T00:00:00.000Z,"8911 Sunset Blvd, Norfolk, MD","8911 Sunset Blvd, Norfolk, MD"
8541,13495,0.96,Linda Davis,Linda Davis,+05554595565,05554595565,25.03.83,1983-03-25T00:00:00.000Z,"8605 Highland Rd, Norfolk, VA","8605 Highland Rd, Norfolk, VA"
8094,2938,0.96,James Davis,James Davis,+71645928110,71645928110,13.11.15,2015-11-13T00:00:00.000Z,"7348 Washington Ave, Fairfax, MD","7348 Washington Ave, Fairfax, MD"
7856,6029,0.96,Barbara Davis,Barbara Davis,+74114001991,74114001991,29.04.22,2022-04-29T00:00:00.000Z,"1506 Sunset Blvd, Baltimore, VA","1506 Sunset Blvd, Baltimore, VA"
7587,6791,0.96,Jessica Martin,Jessica Martin,+30260056420,30260056420,16.12.90,1990-12-16T00:00:00.000Z,"558 Highland Rd, Richmond, MD","558 Highland Rd, Richmond, MD"
7395,8931,0.96,Christopher Wilson,Christopher Wilson,+03025599895,03025599895,30.03.08,2008-03-30T00:00:00.000Z,"5520 Washington Ave, Alexandria, DC","5520 Washington Ave, Alexandria, DC"
7331,9615,0.96,Daniel Smith,Daniel Smith,+81098575041,81098575041,23.06.13,2013-06-23T00:00:00.000Z,"9770 Highland Rd, Baltimore, VA","9770 Highland Rd, Baltimore, VA"
7280,5118,0.96,Patricia Miller,Patricia Miller,+71081558662,71081558662,15.09.14,2014-09-15T00:00:00.000Z,"9424 Highland Rd, Arlington, MD","9424 Highland Rd, Arlington, MD"
6653,7892,0.96,Daniel Johnson,Daniel Johnson,+75073688176,75073688176,23.07.21,2021-07-23T00:00:00.000Z,"5105 Highland Rd, Annapolis, MD","5105 Highland Rd, Annapolis, MD"
6538,438,0.96,Barbara Jackson,Barbara Jackson,+40147615889,40147615889,18.10.90,1990-10-18T00:00:00.000Z,"6327 Sunset Blvd, Arlington, MD","6327 Sunset Blvd, Arlington, MD"
6035,1573,0.96,David Wilson,David Wilson,+35284827538,35284827538,14.12.05,2005-12-14T00:00:00.000Z,"2409 Sunset Blvd, Richmond, DC","2409 Sunset Blvd, Richmond, DC"
6003,9939,0.96,Christopher Martin,Christopher Martin,+88904914364,88904914364,09.04.96,1996-04-09T00:00:00.000Z,"2094 Highland Rd, Fairfax, MD","2094 Highland Rd, Fairfax, MD"
5161,10590,0.96,John Johnson,John Johnson,+75642812243,75642812243,21.04.77,1977-04-21T00:00:00.000Z,"4069 Highland Rd, Annapolis, DC","4069 Highland Rd, Annapolis, DC"
4950,412,0.96,Nancy Miller,Nancy Miller,+07863254577,07863254577,01.12.95,1995-12-01T00:00:00.000Z,"9990 Lakeview Dr, Richmond, DC","9990 Lakeview Dr, Richmond, DC"
4870,5260,0.96,Lisa Jones,Lisa Jones,+61680183876,61680183876,16.05.09,2009-05-16T00:00:00.000Z,"9437 Washington Ave, Bethesda, VA","9437 Washington Ave, Bethesda, VA"
4840,10372,0.96,Lisa Jones,Lisa Jones,+07102079185,07102079185,26.08.91,1991-08-26T00:00:00.000Z,"5304 Lakeview Dr, Fairfax, MD","5304 Lakeview Dr, Fairfax, MD"
4711,7011,0.96,Linda Hernandez,Linda Hernandez,+95084025759,95084025759,13.04.76,1976-04-13T00:00:00.000Z,"3603 Highland Rd, Norfolk, MD","3603 Highland Rd, Norfolk, MD"
4347,7718,0.96,William Hernandez,William Hernandez,+64118123597,64118123597,01.07.88,1988-07-01T00:00:00.000Z,"8950 Sunset Blvd, Arlington, DC","8950 Sunset Blvd, Arlington, DC"
4226,7998,0.96,Joseph Thomas,Joseph Thomas,+60014721835,60014721835,26.12.01,2001-12-26T00:00:00.000Z,"6035 Highland Rd, Bethesda, VA","6035 Highland Rd, Bethesda, VA"
3695,12366,0.96,Richard Moore,Richard Moore,+76998397277,76998397277,04.10.89,1989-10-04T00:00:00.000Z,"8751 Cedar Ln, Norfolk, DC","8751 Cedar Ln, Norfolk, DC"
3453,4748,0.96,James Taylor,James Taylor,+26415484229,26415484229,27.03.16,2016-03-27T00:00:00.000Z,"5272 Washington Ave, Richmond, DC","5272 Washington Ave, Richmond, DC"
3314,12831,0.96,Jennifer Moore,Jennifer Moore,+77645509691,77645509691,21.10.85,1985-10-21T00:00:00.000Z,"6364 Washington Ave, College Park, MD","6364 Washington Ave, College Park, MD"
3250,13701,0.96,Karen jones,Karen Jones,+22732571324,22732571324,18.05.03,2003-05-18T00:00:00.000Z,"5446 Washington Ave, Alexandria, VA","5446 Washington Ave, Alexandria, VA"
3109,14348,0.96,Sandra Martin,Sandra Martin,+69046769461,69046769461,17.09.88,1988-09-17T00:00:00.000Z,"2322 Maple Dr, Norfolk, DC","2322 Maple Dr, Norfolk, DC"
2448,9850,0.96,Linda Martin,Linda Martin,+07121689909,07121689909,04.02.00,2000-02-04T00:00:00.000Z,"5701 Washington Ave, Annapolis, VA","5701 Washington Ave, Annapolis, VA"
2030,10346,0.96,Karen Anderson,Karen Anderson,+55420920451,55420920451,30.07.78,1978-07-30T00:00:00.000Z,"4123 Sunset Blvd, Annapolis, MD","4123 Sunset Blvd, Annapolis, MD"
1964,11498,0.96,Anthony Garcia,Anthony Garcia,+08317485801,08317485801,10.10.89,1989-10-10T00:00:00.000Z,"8727 Highland Rd, Fairfax, DC","8727 Highland Rd, Fairfax, DC"
1437,1126,0.96,Jennifer Moore,Jennifer Moore,+71804714901,71804714901,28.12.69,1969-12-28T00:00:00.000Z,"5008 Lakeview Dr, Fairfax, MD","5008 Lakeview Dr, Fairfax, MD"
153,4520,0.96,Joseph Martin,Joseph Martin,+94773975718,94773975718,24.11.10,2010-11-24T00:00:00.000Z,"1882 Sunset Blvd, Annapolis, DC","1882 Sunset Blvd, Annapolis, DC"
138,2822,0.96,Matthew Thomas,Matthew Thomas,+13180085172,13180085172,05.09.75,1975-09-05T00:00:00.000Z,"470 Lakeview Dr, Richmond, VA","470 Lakeview Dr, Richmond, VA"
14315,1044,0.95,Elizabeth Williams,Elizabeth Williams,+75177086558,75177086558,20.11.94,1994-11-20T00:00:00.000Z,"3706 Main St, Fairfax, MD","3706 Main St, Fairfax, MD"
14216,10624,0.95,Elizabeth Brown,Elizabeth Brown,+08376726526,08376726526,02.11.73,1973-11-02T00:00:00.000Z,"621 Sunset Blvd, Alexandria, MD","621 Sunset Blvd, Alexandria, MD"
14127,3030,0.95,Barbara Lopez,Barbara Lopez,39085840379,39085840379,14.06.69,1969-06-14T00:00:00.000Z,"9935 Elm St, Fairfax, MD","9935 Elm St, Fairfax, MD"
13939,9657,0.95,John Garcia,John Garcia,+44544359572,44544359572,16.04.83,1983-04-16T00:00:00.000Z,"5384 Maple Dr, Bethesda, VA","5384 Maple Dr, Bethesda, VA"
13899,1494,0.95,Susan Johnson,Susan Johnson,+14600652628,14600652628,18.05.99,1999-05-18T00:00:00.000Z,"5823 Elm St, Bethesda, MD","5823 Elm St, Bethesda, MD"
13865,13221,0.95,David Jones,David Jones,+08095598818,08095598818,29.05.77 ,1977-05-29T00:00:00.000Z,"5785 Oak Ave, Rockville, MD","5785 Oak Ave, Rockville, MD"
13831,10391,0.95,Daniel Brown,Daniel Brown,+10910984154,10910984154,31.03.97,1997-03-31T00:00:00.000Z,"5828 Oak Ave, Fairfax, VA","5828 Oak Ave, Fairfax, VA"
12480,6075,0.95,Barbara Martin,Barbara Martin,+35765764187,35765764187,13.04.23,2023-04-13T00:00:00.000Z,"390 Oak Ave, Fairfax, MD","390 Oak Ave, Fairfax, MD"
12260,6080,0.95,Matthew Lopez,Matthew Lopez,+68423437287,68423437287,04.03.72,1972-03-04T00:00:00.000Z,"APT 2, 3940 Main St, Rockville, DC","3940 Main St, Rockville, DC"
11484,2897,0.95,Elizabeth Williams,Elizabeth Williams,+40720313033,40720313033,02.01.20,2020-01-02T00:00:00.000Z,"2846 Sunset Blvd, Alexandria, VA","2846 Sunset Blvd, Alexandria, VA"
11275,5690,0.95,Nancy Thomas,Nancy Thomas,+56873136111,56873136111,17.08.01,2001-08-17T00:00:00.000Z,"9832 Pine Rd, Bethesda, VA","9832 Pine Rd, Bethesda, VA"
10143,4040,0.95,Susan Martinez,Susan Martinez,+14367985429,14367985429,22.03.14,2014-03-22T00:00:00.000Z,"6397 Elm St , Fairfax , DC","6397 Elm St , Fairfax , DC"
9575,4889,0.95,Susan Gonzalez,Susan Gonzalez,+24469173973,24469173973,23.11.93,1993-11-23T00:00:00.000Z,"4807 Oak Ave, Arlington, MD","4807 Oak Ave, Arlington, MD"
8711,4680,0.95,David Johnson,David Johnson,+62698413930,62698413930,02.03.77,1977-03-02T00:00:00.000Z,"8599 Cedar Ln, Baltimore, VA","8599 Cedar Ln, Baltimore, VA"
8086,11376,0.95,Jessica Jones,Jessica Jones,+18787068091,18787068091,27.07.19,2019-07-27T00:00:00.000Z,"1062 Cedar Ln, Alexandria, MD","1062 Cedar Ln, Alexandria, MD"
8059,11893,0.95,Susan Taylor,Susan Taylor,+47789688474,47789688474,17.10.73,1973-10-17T00:00:00.000Z,"3963 Maple Dr, Bethesda, MD","3963 Maple Dr, Bethesda, MD"
7157,10536,0.95,Christopher Taylor,Christopher Taylor,+76206380191,76206380191,30.03.93,1993-03-30T00:00:00.000Z,"662 Cedar Ln, Fairfax, MD","662 Cedar Ln, Fairfax, MD"
7132,1533,0.95,Sandra Martinez,Sandra Martinez,+17755614896,17755614896,04.12.23,2023-12-04T00:00:00.000Z,"2129 Main St, Alexandria, VA","2129 Main St, Alexandria, VA"
5736,12363,0.95,Jessica Garcia,Jessica Garcia,+08743389278,08743389278,28.10.80,1980-10-28T00:00:00.000Z,"595 Highland Rd, Arlington, VA","595 Highland Rd, Arlington, VA"
5578,7886,0.95,Jennifer Rodriguez,Jennifer Rodriguez,+72001589229,72001589229,23.08.93,1993-08-23T00:00:00.000Z,"1605 Oak Ave, Fairfax, VA","1605 Oak Ave, Fairfax, VA"
5432,8811,0.95,Anthony Taylor,Anthony Taylor,+01740079105,01740079105,14.07.89,1989-07-14T00:00:00.000Z,"7921 Oak Ave, Arlington, MD","7921 Oak Ave, Arlington, MD"
5137,2422,0.95,Susan Johnson,Susan Johnson,+58758222503,58758222503,17.06.80,1980-06-17T00:00:00.000Z,"3417 Pine Rd, Rockville, VA","3417 Pine Rd, Rockville, VA"
3906,10190,0.95,Patricia Johnson,Patricia Johnson,+48984223606,48984223606,09.02.93,1993-02-09T00:00:00.000Z,"908 Highland Rd, Alexandria, VA","908 Highland Rd, Alexandria, VA"
3407,4861,0.95,Anthony Johnson,Anthony Johnson,+69905060563,69905060563,11.04.08,2008-04-11T00:00:00.000Z,"9561 Maple Dr, Alexandria, DC","9561 Maple Dr, Alexandria, DC"
2977,2700,0.95,Patricia Martin,Patricia Martin,+93713130562,93713130562,15.08.08,2008-08-15T00:00:00.000Z,"5749 Cedar Ln, Rockville, DC","5749 Cedar Ln, Rockville, DC"
2238,5935,0.95,James Jackson,James Jackson,+43180390262,43180390262,23.02.78,1978-02-23T00:00:00.000Z,"8530 Pine Rd, Baltimore, MD","8530 Pine Rd, Baltimore, MD"
1871,1238,0.95,Karen Rodriguez,Karen Rodriguez,+96420047138,96420047138,28.10.72,1972-10-28T00:00:00.000Z,"2823 Pine Rd, Rockville, VA","2823 Pine Rd, Rockville, VA"
1771,6239,0.95,Linda Hernandez,Linda Hernandez,+87723447505,87723447505,11.04.15,2015-04-11T00:00:00.000Z,"8888 Main St, Alexandria, DC","8888 Main St, Alexandria, DC"
684,10131,0.95,David Gonzalez,David Gonzalez,+82542479139,82542479139,30.11.81,1981-11-30T00:00:00.000Z,"6479 Main St, Fairfax, VA, Unit B","6479 Main St, Fairfax, VA"
14910,9903,0.93,Anthony Taylor,Anthony Taylor,+93587919929,93587919929,05.09.78,1978-09-05T00:00:00.000Z,"8058 Maple Dr, Fairfax, VA","8058 Maple Dr, Fairfax, VA"
14680,14839,0.93,Anthony Moore,Anthony Moore,+37504462358,37504462358,19.07.88,1988-07-19T00:00:00.000Z,"6626 Sunset Blvd, College Park, VA","6626 Sunset Blvd, College Park, VA"
14661,4243,0.93,Richard Martin,Richard Martin,+61644189588,61644189588,09.06.15,2015-06-09T00:00:00.000Z,"9057 Washington Ave, Richmond, MD","9057 Washington Ave, Richmond, MD"
14578,5043,0.93,David Garcia,David Garcia,+64846286266,64846286266,22.08.85,1985-08-22T00:00:00.000Z,"6994 Cedar Ln, Fairfax, DC","6994 Cedar Ln, Fairfax, DC"
14383,10558,0.93,Christopher Rodriguez,Christopher Rodriguez,+02046453063,02046453063,16.12.19,2019-12-16T00:00:00.000Z,"2485 Main St, Norfolk, MD","2485 Main St, Norfolk, MD"
14364,5843,0.93,Joseph Rodriguez,Joseph Rodriguez,+69673294787,69673294787,31.08.91,1991-08-31T00:00:00.000Z,"1997 Main St, Norfolk, VA","1997 Main St, Norfolk, VA"
14331,1051,0.93,Patricia Gonzalez,Patricia Gonzalez,+85196587236,85196587236,13.11.73,1973-11-13T00:00:00.000Z,"1414 Lakeview Dr, Annapolis, DC","1414 Lakeview Dr, Annapolis, DC"
14228,7041,0.93,Michael Martinez,Michael Martinez,+79239709021,79239709021,11.08.82,1982-08-11T00:00:00.000Z,"9575 Lakeview Dr, Fairfax, VA","9575 Lakeview Dr, Fairfax, VA"
14194,5740,0.93,Anthony Thomas,Anthony Thomas,+86339665631,86339665631,09.02.16,2016-02-09T00:00:00.000Z,"4472 Lakeview Dr, Annapolis, VA","4472 Lakeview Dr, Annapolis, VA"
14146,6251,0.93,Anthony Wilson,  ANTHONY WILSON ,+31688846477,31688846477,14.03.81,1981-03-14T00:00:00.000Z,"1154 Maple Dr, Baltimore, VA","1154 Maple Dr, Baltimore, VA"
14103,7118,0.93,James Moore,James Moore,+36358011436,36358011436,07.11.74,1974-11-07T00:00:00.000Z,"5495 Maple Dr, Fairfax, MD","5495 Maple Dr, Fairfax, MD"
13990,786,0.93,Richard Smith,Richard Smith,+58558165137,58558165137,13.07.08,2008-07-13T00:00:00.000Z,"7085 Lakeview Dr, Fairfax, MD","7085 Lakeview Dr, Fairfax, MD"
13940,12099,0.93,Sandra Davis,Sandra Davis,+62094829591,62094829591,19.11.97,1997-11-19T00:00:00.000Z,"5029 Lakeview Dr, Annapolis, MD","5029 Lakeview Dr, Annapolis, MD"
13897,4277,0.93,Matthew Garcia,Matthew Garcia,+68915338127,68915338127,13.12.03,2003-12-13T00:00:00.000Z,"9333 Washington Ave, Arlington, DC","9333 Washington Ave, Arlington, DC"
13885,8899,0.93,Joseph Hernandez,Joseph Hernandez,+13419325554,13419325554,24.05.23,2023-05-24T00:00:00.000Z,"7501 Washington Ave, Annapolis, MD","7501 Washington Ave, Annapolis, MD"
13779,540,0.93,Matthew Miller,Matthew Miller,+97179079971,97179079971,11.03.05,2005-03-11T00:00:00.000Z,"9671 Washington Ave, Alexandria, VA","9671 Washington Ave, Alexandria, VA"
13671,3275,0.93,Elizabeth Miller,Elizabeth Miller,+55922010051,55922010051,29.12.93,1993-12-29T00:00:00.000Z,"7165 Maple Dr, Rockville, DC","7165 Maple Dr, Rockville, DC"
13650,4269,0.93,Matthew Gonzalez,Matthew Gonzalez,+25625621294,25625621294,05.08.12,2012-08-05T00:00:00.000Z,"5495 Elm St, Arlington, MD","5495 Elm St, Arlington, MD"
13585,1386,0.93,Sandra Williams,Sandra Williams,+91357068907,91357068907,03.01.85,1985-01-03T00:00:00.000Z,"4439 Sunset Blvd, Richmond, MD","4439 Sunset Blvd, Richmond, MD"
13556,13655,0.93,Nancy Anderson,Nancy Anderson,+64168016752,64168016752,01.03.09,2009-03-01T00:00:00.000Z,"809 Pine Rd, Arlington, DC","809 Pine Rd, Arlington, DC"
13545,7653,0.93,Lisa Jones,Lisa Jones,+49372609648,49372609648,04.12.72,1972-12-04T00:00:00.000Z,"8442 Cedar Ln, Norfolk, DC","8442 Cedar Ln, Norfolk, DC"
13504,6064,0.93,Matthew Taylor,Matthew Taylor,+38853039260,38853039260,10.03.08,2008-03-10T00:00:00.000Z,"7586 Highland Rd, Rockville, MD","7586 Highland Rd, Rockville, MD"
13500,12443,0.93,Susan Gonzalez,Susan Gonzalez,+85901385330,85901385330,10.07.76,1976-07-10T00:00:00.000Z,"5782 Cedar Ln, Norfolk, VA","5782 Cedar Ln, Norfolk, VA"
13406,8438,0.93,Sandra Jackson,Sandra Jackson,+17645387533,17645387533,07.08.80,1980-08-07T00:00:00.000Z,"1230 Highland Rd, Norfolk, DC","1230 Highland Rd, Norfolk, DC"
13317,2862,0.93,Barbara Anderson,Barbara Anderson,+85526000410,85526000410,08.04.69,1969-04-08T00:00:00.000Z,"5848 Highland Rd, Rockville, DC","5848 Highland Rd, Rockville, DC"
13230,8781,0.93,James Gonzalez,James Gonzalez,+53342590920,53342590920,19.01.09,2009-01-19T00:00:00.000Z,"8778 Pine Rd, Richmond, DC","8778 Pine Rd, Richmond, DC"
13099,11241,0.93,Mary Rodriguez,Mary Rodriguez,+85468770270,85468770270,09.01.72,1972-01-09T00:00:00.000Z,"8960 Lakeview Dr, Annapolis, MD","8960 Lakeview Dr, Annapolis, MD"
13073,604,0.93,David Moore,David Moore,+74116919460,74116919460,01.01.12,2012-01-01T00:00:00.000Z,"2736 Washington Ave, Alexandria, MD","2736 Washington Ave, Alexandria, MD"
13071,6794,0.93,Joseph Garcia,Joseph Garcia,+97150272682,97150272682,12.03.09,2009-03-12T00:00:00.000Z,"4806 Main Street, Fairfax, MD","4806 Main St, Fairfax, MD"
13023,10812,0.93,Patricia Rodriguez,Patricia Rodriguez,+99266051840,99266051840,29.07.99,1999-07-29T00:00:00.000Z,"986 Elm St, Arlington, DC","986 Elm St, Arlington, DC"
12819,4919,0.93,Barbara Martin,Barbara Martin,+80741741519,80741741519,10.11.22,2022-11-10T00:00:00.000Z,"1903 Main St, Annapolis, MD","1903 Main St, Annapolis, MD"
12669,1114,0.93,Elizabeth Brown,Elizabeth Brown,+51153813266,51153813266,07.02.97,1997-02-07T00:00:00.000Z,"8264 Cedar Ln, Baltimore, VA","8264 Cedar Ln, Baltimore, VA"
12513,7548,0.93,Karen Martinez,Karen Martinez,+58396193897,58396193897,28.06.16,2016-06-28T00:00:00.000Z,"6333 Maple Dr, Alexandria, VA","6333 Maple Dr, Alexandria, VA"
12496,14779,0.93,Elizabeth Martinez,Elizabeth Martinez,+22155557605,22155557605,28.01.16,2016-01-28T00:00:00.000Z,"1574 Main St, Rockville, DC","1574 Main St, Rockville, DC"
12406,11913,0.93,Sandra Gonzalez,Sandra Gonzalez,+83769103101,83769103101,04.11.12,2012-11-04T00:00:00.000Z,"9533 Highland Rd, Richmond, VA","9533 Highland Rd, Richmond, VA"
12273,12183,0.93,Susan Garcia,Susan Garcia,+13423212998,13423212998,05.05.85,1985-05-05T00:00:00.000Z,"4645 Pine Rd, Norfolk, VA","4645 Pine Rd, Norfolk, VA"
12219,6691,0.93,Lisa Davis,Lisa Davis,+25825020515,25825020515,01.07.77,1977-07-01T00:00:00.000Z,"9116 Washington Ave, Bethesda, VA","9116 Washington Ave, Bethesda, VA"
12080,14038,0.93,Jennifer Anderson,Jennifer Anderson,+10371313168,10371313168,21.06.80,1980-06-21T00:00:00.000Z,"3849 Maple Dr, Alexandria, DC","3849 Maple Dr, Alexandria, DC"
11933,14854,0.93,Daniel Hernandez,Daniel Hernandez,+49060873952,49060873952,07.07.83,1983-07-07T00:00:00.000Z,"8511 Sunset Blvd, Rockville, MD","8511 Sunset Blvd, Rockville, MD"
11820,7968,0.93,Jessica Jackson,Jessica Jackson,+22040242369,22040242369,28.12.12,2012-12-28T00:00:00.000Z,"5021 Lakeview Dr, Fairfax, MD","5021 Lakeview Dr, Fairfax, MD"
11759,7352,0.93,Joseph Hernandez,Joseph Hernandez,+49120933252,49120933252,24.02.88,1988-02-24T00:00:00.000Z,"9200 Washington Ave, Annapolis, DC","9200 Washington Ave, Annapolis, DC"
11741,14873,0.93,Robert Anderson,Robert Anderson,+56042204936,56042204936,12.05.17,2017-05-12T00:00:00.000Z,"5314 Washington Ave, College Park, VA","5314 Washington Ave, College Park, VA"
11716,12736,0.93,Lisa Anderson,Lisa Anderson,+89356701687,89356701687,20.02.92,1992-02-20T00:00:00.000Z,"991 Washington Ave, Annapolis, DC","991 Washington Ave, Annapolis, DC"
11677,4758,0.93,Nancy Garcia,Nancy Garcia,+46423200416,46423200416,02.09.01,2001-09-02T00:00:00.000Z,"3606 Sunset Blvd, Fairfax, DC","3606 Sunset Blvd, Fairfax, DC"
11598,11958,0.93,Richard Jones,Richard Jones,+21948897719,21948897719,06.06.03,2003-06-06T00:00:00.000Z,"1106 Sunset Blvd, Fairfax, DC","1106 Sunset Blvd, Fairfax, DC"
11527,321,0.93,Matthew Johnson,Matthew Johnson,+16279696009,16279696009,06.06.08,2008-06-06T00:00:00.000Z,"135 Washington Ave, Norfolk, DC","135 Washington Ave, Norfolk, DC"
11456,4628,0.93,Sandra Miller,Sandra Miller,+98667351664,98667351664,17.12.10,2010-12-17T00:00:00.000Z,"9726 Oak Ave, Alexandria, MD","9726 Oak Ave, Alexandria, MD"
11418,10980,0.93,Anthony Rodriguez,Anthony Rodriguez,+17357259393,17357259393,28.12.74,1974-12-28T00:00:00.000Z,"2090 Elm St, Arlington, MD","2090 Elm St, Arlington, MD"
11395,14037,0.93,Anthony Jackson,Anthony Jackson,+97553372274,97553372274,12.06.16,2016-06-12T00:00:00.000Z,"3391 washington ave, arlington, va","3391 washington ave, arlington, va"
11292,5414,0.93,Nancy Martin,Nancy Martin,+98998143304,98998143304,07.05.18,2018-05-07T00:00:00.000Z,"3418 Cedar Ln , Alexandria , VA","3418 Cedar Ln , Alexandria , VA"
11283,11514,0.93,Matthew Moore,Matthew Moore,+64121053115,64121053115,30.10.73,1973-10-30T00:00:00.000Z,"7734 Elm St, Fairfax, VA, Unit B","7734 Elm St, Fairfax, VA"
11279,4871,0.93,Michael Garcia,Michael Garcia,+94062228602,94062228602,13.05.90,1990-05-13T00:00:00.000Z,"5937 Oak Ave, College Park, DC","5937 Oak Ave, College Park, DC"
11217,10244,0.93,Lisa Hernandez,Lisa Hernandez,+98532197645,98532197645,09.11.98,1998-11-09T00:00:00.000Z,"6479 Oak Ave, Annapolis, DC","6479 Oak Ave, Annapolis, DC"
11135,13016,0.93,William Thomas,William Thomas,+49027983302,49027983302,08.09.79,1979-09-08T00:00:00.000Z,"6926 Cedar Ln, Norfolk, VA","6926 Cedar Ln, Norfolk, VA"
11077,9871,0.93,Jessica Thomas,Jessica Thomas,+14708597645,14708597645,20.12.12,2012-12-20T00:00:00.000Z,"9091 Maple Dr, Baltimore, MD","9091 Maple Dr, Baltimore, MD"
11017,4338,0.93,Lisa Thomas,Lisa Thomas,+95015699072,95015699072,09.09.14,2014-09-09T00:00:00.000Z,"9964 Sunset Blvd, Fairfax, VA","9964 Sunset Blvd, Fairfax, VA"
11012,4449,0.93,Susan Lopez,Susan Lopez,+35502471098,35502471098,31.01.80,1980-01-31T00:00:00.000Z,"6823 Washington Ave, Richmond, MD","6823 Washington Ave, Richmond, MD"
11003,9941,0.93,William Brown,William Brown,+70217115560,70217115560,02.04.69,1969-04-02T00:00:00.000Z,"6911 Highland Rd, Norfolk, MD","6911 Highland Rd, Norfolk, MD"
10981,6955,0.93,William Garcia,William Garcia,+82145902221,82145902221,04.07.96,1996-07-04T00:00:00.000Z,"3847 Oak Ave, College Park, MD","3847 Oak Ave, College Park, MD"
10804,4076,0.93,Susan Taylor,Susan Taylor,+15875092012,15875092012,03.01.12,2012-01-03T00:00:00.000Z,"3694 Highland Rd, Baltimore, VA","3694 Highland Rd, Baltimore, VA"
10781,10056,0.93,Mary Anderson,Mary Anderson,+99881594678,99881594678,29.11.84,1984-11-29T00:00:00.000Z,"942 Sunset Blvd, Rockville, DC","942 Sunset Blvd, Rockville, DC"
10740,9249,0.93,Jennifer Miller,Jennifer Miller,+86734244202,86734244202,11.05.22,2022-05-11T00:00:00.000Z,"3894 Maple Dr, Norfolk, MD","3894 Maple Dr, Norfolk, MD"
10596,12344,0.93,Michael Lopez,Michael Lopez,+01987201564,01987201564,20.05.85,1985-05-20T00:00:00.000Z,"1787 Oak Ave, Rockville, DC","1787 Oak Ave, Rockville, DC"
10479,8000,0.93,David Jackson,David Jackson,+35216339508,35216339508,17.02.73,1973-02-17T00:00:00.000Z,"2286 Cedar Ln, Norfolk, MD","2286 Cedar Ln, Norfolk, MD"
10439,8016,0.93,Patricia Davis,Patricia Davis,+58581123632,58581123632,30.03.99,1999-03-30T00:00:00.000Z,"6001 Elm St, Bethesda, DC","6001 Elm St, Bethesda, DC"
10433,1880,0.93,William Gonzalez,William Gonzalez,+09111092748,09111092748,23.04.77,1977-04-23T00:00:00.000Z,"3082 Lakeview Dr, Richmond, MD","3082 Lakeview Dr, Richmond, MD"
10323,1914,0.93,Karen Garcia,Karen Garcia,+65497316215,65497316215,02.09.87,1987-09-02T00:00:00.000Z,"3048 Maple Dr, Rockville, DC","3048 Maple Dr, Rockville, DC"
10304,7069,0.93,David Jackson,David Jackson,+21177553863,21177553863,19.03.79,1979-03-19T00:00:00.000Z,"2274 Lakeview Dr, Arlington, DC","2274 Lakeview Dr, Arlington, DC"
10282,12201,0.93,David Johnson,David Johnson,+89293400493,89293400493,21.08.77,1977-08-21T00:00:00.000Z,"6479 Cedar Ln, Bethesda, DC","6479 Cedar Ln, Bethesda, DC"
10238,2270,0.93,Sandra Martinez,Sandra Martinez,+07971107544,07971107544,27.09.05,2005-09-27T00:00:00.000Z,"8848 Washington Ave, College Park, VA","8848 Washington Ave, College Park, VA"
10175,10492,0.93,Mary Martin,Mary Martin,+48804709784,48804709784,07.12.89,1989-12-07T00:00:00.000Z,"8858 Elm St, Alexandria, VA","8858 Elm St, Alexandria, VA"
10087,5871,0.93,Nancy Gonzalez,Nancy Gonzalez,+58747723520,58747723520,26.03.14,2014-03-26T00:00:00.000Z,"1871 Lakeview Dr, Baltimore, MD","1871 Lakeview Dr, Baltimore, MD"
9999,9592,0.93,Joseph Smith,Joseph Smith,+48624495362,48624495362,17.10.69,1969-10-17T00:00:00.000Z,"565 Washington Ave, Richmond, MD","565 Washington Ave, Richmond, MD"
9948,3306,0.93,Robert Smith,Robert Smith,+11414931521,11414931521,02.04.84,1984-04-02T00:00:00.000Z,"506 Lakeview Dr, Annapolis, DC","506 Lakeview Dr, Annapolis, DC"
9805,5965,0.93,Susan Jones,Susan Jones,+30699567962,30699567962,16.09.92,1992-09-16T00:00:00.000Z,"3619 Sunset Blvd, Baltimore, DC","3619 Sunset Blvd, Baltimore, DC"
9792,12387,0.93,Susan Anderson,Susan Anderson,+82261339386,82261339386,17.08.12,2012-08-17T00:00:00.000Z,"1406 Sunset Blvd, Richmond, VA","1406 Sunset Blvd, Richmond, VA"
9771,7535,0.93,Lisa Gonzalez,Lisa Gonzalez,+18031301355,18031301355,04.12.22,2022-12-04T00:00:00.000Z,"8921 Pine Rd, College Park, MD","8921 Pine Rd, College Park, MD"
9673,12199,0.93,Lisa Moore,Lisa Moore,+36603506814,36603506814,10.04.00,2000-04-10T00:00:00.000Z,"8042 Washington Ave, Richmond, DC","8042 Washington Ave, Richmond, DC"
9653,8622,0.93,James Thomas,James Thomas,+77601203617,77601203617,08.03.01,2001-03-08T00:00:00.000Z,"8770 Highland Rd, Rockville, DC","8770 Highland Rd, Rockville, DC"
9583,8185,0.93,Anthony Smith,Anthony Smith,+24866111094,24866111094,14.10.84,1984-10-14T00:00:00.000Z,"772 Main St, Rockville, MD","772 Main St, Rockville, MD"
9571,2976,0.93,Patricia Moore,Patricia Moore,+04373487065,04373487065,10.03.16,2016-03-10T00:00:00.000Z,"6447 Highland Rd, Annapolis, VA","6447 Highland Rd, Annapolis, VA"
9543,13427,0.93,Mary Hernandez,Mary Hernandez,+13677829404,13677829404,30.09.05,2005-09-30T00:00:00.000Z,"9291 Washington Ave, Bethesda, VA","9291 Washington Ave, Bethesda, VA"
9523,9559,0.93,John Taylor,John Taylor,+78473882158,78473882158,14.07.01,2001-07-14T00:00:00.000Z,"9714 Elm St, Baltimore, VA","9714 Elm St, Baltimore, VA"
9487,7071,0.93,Robert Thomas,Robert Thomas,+93230050352,93230050352,23.11.08,2008-11-23T00:00:00.000Z,"5780 Highland Rd, Annapolis, MD","5780 Highland Rd, Annapolis, MD"
9465,7729,0.93,Patricia Garcia,Patricia Garcia,35591865280,35591865280,18.12.90,1990-12-18T00:00:00.000Z,"9089 Maple Dr, Fairfax, MD","9089 Maple Dr, Fairfax, MD"
9342,13639,0.93,Michael gonzalez,Michael Gonzalez,+84882943221,84882943221,23.02.23,2023-02-23T00:00:00.000Z,"4880 Highland Rd, Arlington, DC","4880 Highland Rd, Arlington, DC"
9338,5722,0.93,Patricia Moore,Patricia Moore,+75786612683,75786612683,03.10.95,1995-10-03T00:00:00.000Z,"7290 Cedar Ln, Arlington, VA","7290 Cedar Ln, Arlington, VA"
9322,14600,0.93,Susan Moore,Susan Moore,+98113320191,98113320191,29.09.79,1979-09-29T00:00:00.000Z,"7523 Cedar Ln, Richmond, MD","7523 Cedar Ln, Richmond, MD"
9220,7124,0.93,William Wilson,William Wilson,+50587781605,50587781605,19.01.14,2014-01-19T00:00:00.000Z,"1129 Maple Dr, Richmond, DC","1129 Maple Dr, Richmond, DC"
9156,2605,0.93,Daniel Garcia,Daniel Garcia,+75889244205,75889244205,26.12.18,2018-12-26T00:00:00.000Z,"4705 Highland Rd, Fairfax, MD","4705 Highland Rd, Fairfax, MD"
9136,1070,0.93,Linda Taylor,Linda Taylor,+13991996165,13991996165,12.07.73,1973-07-12T00:00:00.000Z,"4607 Sunset Blvd , Bethesda , VA","4607 Sunset Blvd , Bethesda , VA"
9131,8357,0.93,Jessica Wilson,Jessica Wilson,+11709761998,11709761998,02.09.82,1982-09-02T00:00:00.000Z,"8633 Cedar Ln, Bethesda, VA","8633 Cedar Ln, Bethesda, VA"
9091,4614,0.93,Linda Rodriguez,Linda Rodriguez,+72638747350,72638747350,23.06.80,1980-06-23T00:00:00.000Z,"7605 Sunset Blvd, Norfolk, MD","7605 Sunset Blvd, Norfolk, MD"
9067,13070,0.93,Christopher Jones,Christopher Jones,+81878099895,81878099895,24.06.16,2016-06-24T00:00:00.000Z,"5276 Washington Ave, Richmond, DC","5276 Washington Ave, Richmond, DC"
9053,4841,0.93,Christopher Wilson,Christopher Wilson,+33358400162,33358400162,14.11.09,2009-11-14T00:00:00.000Z,"1450 Washington Ave, College Park, MD","1450 Washington Ave, College Park, MD"
9012,8609,0.93,David Wilson,David Wilson,+41457938551,41457938551,05.11.97,1997-11-05T00:00:00.000Z,"576 Main St, Baltimore, MD","576 Main St, Baltimore, MD"
8996,1919,0.93,Anthony Hernandez,Anthony Hernandez,+65867273393,65867273393,04.04.98,1998-04-04T00:00:00.000Z,"5576 Washington Ave, Fairfax, VA","5576 Washington Ave, Fairfax, VA"
8734,5480,0.93,Jessica Martinez,Jessica Martinez,+88907174883,88907174883,18.10.11,2011-10-18T00:00:00.000Z,"3916 Cedar Ln, Fairfax, VA","3916 Cedar Ln, Fairfax, VA"
8663,8375,0.93,Susan Martin,Susan Martin,+739-1217-1987,73912171987,17.06.83,1983-06-17T00:00:00.000Z,"8101 Lakeview Dr, Norfolk, DC","8101 Lakeview Dr, Norfolk, DC"
8650,8395,0.93,Robert Martinez,Robert Martinez,+67309223534,67309223534,29.11.98,1998-11-29T00:00:00.000Z,"9849 Washington Ave, Richmond, DC","9849 Washington Ave, Richmond, DC"
8544,8688,0.93,Joseph Wilson,Joseph Wilson,+15553101218,15553101218,06.03.75,1975-03-06T00:00:00.000Z,"9795 Oak Ave, Rockville, MD","9795 Oak Ave, Rockville, MD"
8500,11346,0.93,Joseph Rodriguez,Joseph Rodriguez,+03424342322,03424342322,06.09.04,2004-09-06T00:00:00.000Z,"3611 Highland Rd, Fairfax, DC","3611 Highland Rd, Fairfax, DC"
8493,12167,0.93,Mary Lopez,Mary Lopez,+54417379196,54417379196,15.09.73,1973-09-15T00:00:00.000Z,"3793 Highland Rd, Annapolis, MD","3793 Highland Rd, Annapolis, MD"
8481,8284,0.93,Mary Anderson,Mary Anderson,+99198312871,99198312871,30.01.79,1979-01-30T00:00:00.000Z,"598 Cedar Ln, Arlington, DC","598 Cedar Ln, Arlington, DC"
8426,8804,0.93,Richard brown,Richard Brown,+84170306182,84170306182,19.05.83,1983-05-19T00:00:00.000Z,"1161 Washington Ave, Rockville, MD","1161 Washington Ave, Rockville, MD"
8411,5769,0.93,Susan Thomas,Susan Thomas,+69892263905,69892263905,13.09.94,1994-09-13T00:00:00.000Z,"748 Lakeview Dr, Norfolk, VA","748 Lakeview Dr, Norfolk, VA"
8357,7790,0.93,Daniel Gonzalez,Daniel Gonzalez,+18019373702,18019373702,15.09.75,1975-09-15T00:00:00.000Z,"8301 Highland Rd, Norfolk, DC","8301 Highland Rd, Norfolk, DC"
8313,12070,0.93,Nancy Rodriguez,Nancy Rodriguez,+17795274574,17795274574,03.05.75,1975-05-03T00:00:00.000Z,"3003 Pine Rd, Bethesda, MD","3003 Pine Rd, Bethesda, MD"
8253,6412,0.93,Sandra Williams,Sandra Williams,+57627542477,57627542477,10.06.87,1987-06-10T00:00:00.000Z,"7700 Pine Rd, Fairfax, MD","7700 Pine Rd, Fairfax, MD"
8191,3499,0.93,Richard Wilson,Richard Wilson,+91735590710,91735590710,23.08.80,1980-08-23T00:00:00.000Z,"6990 Washington Ave, College Park, MD","6990 Washington Ave, College Park, MD"
8145,6421,0.93,Joseph Brown,Joseph Brown,+21600257063,21600257063,20.05.15,2015-05-20T00:00:00.000Z,"8386 Washington Ave, Annapolis, DC","8386 Washington Ave, Annapolis, DC"
8112,14427,0.93,Robert Jones,Robert Jones,+17739305165,17739305165,07.09.15,2015-09-07T00:00:00.000Z,"2633 Maple Dr, Fairfax, DC","2633 Maple Dr, Fairfax, DC"
8047,4554,0.93,Sandra Miller,Sandra Miller,+32469053351,32469053351,21.02.70,1970-02-21T00:00:00.000Z,"4471 Highland Rd, College Park, MD","4471 Highland Rd, College Park, MD"
8044,6625,0.93,Jennifer Williams,Jennifer Williams,+87294039345,87294039345,07.10.00,2000-10-07T00:00:00.000Z,"3350 Sunset Blvd, Arlington, MD","3350 Sunset Blvd, Arlington, MD"
8034,4025,0.93,Elizabeth Wilson,Elizabeth Wilson,+12244635168,12244635168,28.09.77,1977-09-28T00:00:00.000Z,"767 washington ave, baltimore, md","767 washington ave, baltimore, md"
8007,3710,0.93,Lisa Taylor,Lisa Taylor,+18208568692,18208568692,16.10.96,1996-10-16T00:00:00.000Z,"9717 Washington Ave, Richmond, DC","9717 Washington Ave, Richmond, DC"
8003,12187,0.93,Barbara Taylor,Barbara Taylor,+54358394484,54358394484,24.12.06,2006-12-24T00:00:00.000Z,"7878 Oak Ave, Rockville, DC","7878 Oak Ave, Rockville, DC"
7999,6837,0.93,Richard Moore,  RICHARD MOORE ,+67614009484,67614009484,19.07.13,2013-07-19T00:00:00.000Z,"5049 Sunset Blvd, Baltimore, DC","5049 Sunset Blvd, Baltimore, DC"
7910,8062,0.93,Michael Martin,Michael Martin,+37445813397,37445813397,12.01.95,1995-01-12T00:00:00.000Z,"6352 Washington Ave, Annapolis, VA","6352 Washington Ave, Annapolis, VA"
7875,13349,0.93,Matthew Taylor,Matthew Taylor,+19619633046,19619633046,01.08.22,2022-08-01T00:00:00.000Z,"5649 Cedar Ln, Fairfax, DC","5649 Cedar Ln, Fairfax, DC"
7858,9650,0.93,Robert Davis,Robert Davis,+83984266081,83984266081,08.11.85,1985-11-08T00:00:00.000Z,"8846 Oak Ave, College Park, DC","8846 Oak Ave, College Park, DC"
7846,891,0.93,James Thomas,James Thomas,+21263269928,21263269928,04.03.79,1979-03-04T00:00:00.000Z,"9960 Washington Ave, Alexandria, DC","9960 Washington Ave, Alexandria, DC"
7784,1437,0.93,Sandra Taylor,Sandra Taylor,+89351212265,89351212265,22.10.10,2010-10-22T00:00:00.000Z,"6793 Elm St, Rockville, VA","6793 Elm St, Rockville, VA"
7673,12157,0.93,Christopher Williams,Christopher Williams,+55142529816,55142529816,30.01.05,2005-01-30T00:00:00.000Z,"4789 Lakeview Dr, Annapolis, VA","4789 Lakeview Dr, Annapolis, VA"
7640,13567,0.93,Elizabeth Williams,Elizabeth Williams,+84210867361,84210867361,21.11.07,2007-11-21T00:00:00.000Z,"7099 Washington Ave, Bethesda, DC","7099 Washington Ave, Bethesda, DC"
7604,832,0.93,Anthony Martinez,Anthony Martinez,+60996519576,60996519576,25.11.11,2011-11-25T00:00:00.000Z,"3121 Pine Rd, Baltimore, VA","3121 Pine Rd, Baltimore, VA"
7533,10946,0.93,Elizabeth Davis,Elizabeth Davis,+51155212364,51155212364,22.06.24,2024-06-22T00:00:00.000Z,"6959 Pine Rd, Fairfax, DC","6959 Pine Rd, Fairfax, DC"
7525,1474,0.93,Daniel Brown,Daniel Brown,+15415927565,15415927565,12.06.71,1971-06-12T00:00:00.000Z,"3588 Sunset Blvd, Arlington, DC","3588 Sunset Blvd, Arlington, DC"
7514,11001,0.93,David Miller,David Miller,+98102503220,98102503220,31.10.69,1969-10-31T00:00:00.000Z,"9807 Elm St, Arlington, VA","9807 Elm St, Arlington, VA"
7452,14910,0.93,William Davis,William Davis,+29260879061,29260879061,15.01.23,2023-01-15T00:00:00.000Z,"8641 Elm St, Arlington, DC","8641 Elm St, Arlington, DC"
7448,3481,0.93,Karen Gonzalez,Karen Gonzalez,+62960616973,62960616973,18.06.93,1993-06-18T00:00:00.000Z,"APT 2, 297 Cedar Ln, Richmond, MD","297 Cedar Ln, Richmond, MD"
7429,5693,0.93,Robert Jones,Robert Jones,+51183580000,51183580000,01.03.69,1969-03-01T00:00:00.000Z,"5044 Lakeview Dr, Arlington, VA","5044 Lakeview Dr, Arlington, VA"
7426,9005,0.93,Anthony Jackson,Anthony Jackson,+19579033730,19579033730,08.07.16 ,2016-07-08T00:00:00.000Z,"1509 Maple Dr, Arlington, VA","1509 Maple Dr, Arlington, VA"
7412,4799,0.93,Anthony Taylor,Anthony Taylor,+15470013235,15470013235,27.10.04,2004-10-27T00:00:00.000Z,"872 Oak Ave, Richmond, VA","872 Oak Ave, Richmond, VA"
7407,1063,0.93,Karen Brown,Karen Brown,+18950887592,18950887592,01.12.69,1969-12-01T00:00:00.000Z,"8755 Highland Rd, Arlington, MD","8755 Highland Rd, Arlington, MD"
7295,14087,0.93,Elizabeth Johnson,Elizabeth Johnson,+97459760170,97459760170,15.02.89,1989-02-15T00:00:00.000Z,"5210 Highland Rd, Annapolis, VA","5210 Highland Rd, Annapolis, VA"
7140,1400,0.93,Joseph Brown,Joseph Brown,+73178590296,73178590296,29.12.86,1986-12-29T00:00:00.000Z,"783 Sunset Blvd, Richmond, MD","783 Sunset Blvd, Richmond, MD"
7113,2123,0.93,Mary Miller,Mary Miller,+81821176840,81821176840,09.04.99,1999-04-09T00:00:00.000Z,"3287 Cedar Ln, College Park, DC","3287 Cedar Ln, College Park, DC"
7105,14903,0.93,John Rodriguez,John Rodriguez,+73547472531,73547472531,24.04.69,1969-04-24T00:00:00.000Z,"2817 Oak Ave, Rockville, MD","2817 Oak Ave, Rockville, MD"
7080,11144,0.93,Jessica Thomas,Jessica Thomas,+53933155757,53933155757,30.07.04,2004-07-30T00:00:00.000Z,"3343 Maple Dr, College Park, VA","3343 Maple Dr, College Park, VA"
6980,9295,0.93,Linda Brown,Linda Brown,+65120185105,65120185105,17.11.78,1978-11-17T00:00:00.000Z,"3760 Cedar Ln, Norfolk, MD","3760 Cedar Ln, Norfolk, MD"
6940,9307,0.93,Jennifer Brown,Jennifer Brown,+31823337451,31823337451,31.03.93,1993-03-31T00:00:00.000Z,"1362 Sunset Blvd, Richmond, MD","1362 Sunset Blvd, Richmond, MD"
6705,3698,0.93,Joseph Martinez,Joseph Martinez,+88707612098,88707612098,02.10.06,2006-10-02T00:00:00.000Z,"1303 Main St, Bethesda, VA","1303 Main St, Bethesda, VA"
6679,7622,0.93,Jennifer Gonzalez,Jennifer Gonzalez,+67603109370,67603109370,25.08.83,1983-08-25T00:00:00.000Z,"2002 Pine Rd, College Park, DC","2002 Pine Rd, College Park, DC"
6603,7005,0.93,David Jones,David Jones,+17351125536,17351125536,30.09.21,2021-09-30T00:00:00.000Z,"7538 Main St, Alexandria, MD","7538 Main St, Alexandria, MD"
6536,8206,0.93,Karen Taylor,Karen Taylor,+37248961596,37248961596,21.05.84,1984-05-21T00:00:00.000Z,"2283 Cedar Ln, Richmond, DC","2283 Cedar Ln, Richmond, DC"
6535,9288,0.93,Mary Williams,Mary Williams,+89503994183,89503994183,16.05.06,2006-05-16T00:00:00.000Z,"6577 sunset blvd, norfolk, va","6577 sunset blvd, norfolk, va"
6523,2809,0.93,Robert Williams,Robert Williams,+40633044210,40633044210,08.08.92,1992-08-08T00:00:00.000Z,"721 Washington Ave, Baltimore, DC","721 Washington Ave, Baltimore, DC"
6474,14377,0.93,Richard Johnson,Richard Johnson,+39312616450,39312616450,21.11.08,2008-11-21T00:00:00.000Z,"6433 Highland Rd, College Park, MD","6433 Highland Rd, College Park, MD"
6448,254,0.93,Linda Martinez,Linda Martinez,+66111856883,66111856883,22.06.83,1983-06-22T00:00:00.000Z,"4390 Washington Ave, Arlington, DC","4390 Washington Ave, Arlington, DC"
6447,7507,0.93,Richard Hernandez,Richard Hernandez,+40214600570,40214600570,21.12.81,1981-12-21T00:00:00.000Z,"3483 Highland Rd , Annapolis , VA","3483 Highland Rd , Annapolis , VA"
6439,7532,0.93,Matthew Miller,Matthew Miller,+53429057997,53429057997,03.09.89,1989-09-03T00:00:00.000Z,"9925 Cedar Ln, Fairfax, MD","9925 Cedar Ln, Fairfax, MD"
6408,14164,0.93,Mary Martin,Mary Martin,+30748650202,30748650202,04.11.90,1990-11-04T00:00:00.000Z,"5581 Washington Ave, College Park, MD","5581 Washington Ave, College Park, MD"
6341,4254,0.93,Linda Davis,Linda Davis,+17580508087,17580508087,06.03.85,1985-03-06T00:00:00.000Z,"8090 Washington Ave, Annapolis, MD","8090 Washington Ave, Annapolis, MD"
6183,7847,0.93,Susan Gonzalez,Susan Gonzalez,+38793086880,38793086880,27.03.12,2012-03-27T00:00:00.000Z,"6852 Lakeview Dr, Arlington, VA","6852 Lakeview Dr, Arlington, VA"
5856,3904,0.93,Elizabeth Gonzalez,Elizabeth Gonzalez,+37454835466,37454835466,30.12.80,1980-12-30T00:00:00.000Z,"6047 Sunset Blvd, Annapolis, VA","6047 Sunset Blvd, Annapolis, VA"
5779,14177,0.93,Elizabeth Martinez,Elizabeth Martinez,+78951172948,78951172948,12.12.22,2022-12-12T00:00:00.000Z,"5000 Elm St, Arlington, DC","5000 Elm St, Arlington, DC"
5734,13301,0.93,Karen Thomas,Karen Thomas,+22303210876,22303210876,18.07.15,2015-07-18T00:00:00.000Z,"9501 Highland Rd, Annapolis, VA","9501 Highland Rd, Annapolis, VA"
5633,739,0.93,Richard Wilson,Richard Wilson,+88803053343,88803053343,28.12.71,1971-12-28T00:00:00.000Z,"3942 Lakeview Dr, Annapolis, VA","3942 Lakeview Dr, Annapolis, VA"
5632,10681,0.93,Barbara Gonzalez,Barbara Gonzalez,+60075692743,60075692743,10.02.71,1971-02-10T00:00:00.000Z,"8380 Washington Ave, Bethesda, VA","8380 Washington Ave, Bethesda, VA"
5604,10043,0.93,Nancy Davis,Nancy Davis,+72510217547,72510217547,24.06.80,1980-06-24T00:00:00.000Z,"4606 lakeview dr, norfolk, va","4606 lakeview dr, norfolk, va"
5554,9867,0.93,David Jackson,David Jackson,+01404175795,01404175795,26.12.92,1992-12-26T00:00:00.000Z,"8523 Pine Rd, Rockville, VA","8523 Pine Rd, Rockville, VA"
5536,8626,0.93,Patricia Rodriguez,Patricia Rodriguez,+38907375184,38907375184,01.06.72,1972-06-01T00:00:00.000Z,"766 Oak Ave, Baltimore, DC","766 Oak Ave, Baltimore, DC"
5527,14217,0.93,Linda Garcia,Linda Garcia,+92860671020,92860671020,20.11.74,1974-11-20T00:00:00.000Z,"7552 Washington Ave, Rockville, VA","7552 Washington Ave, Rockville, VA"
5504,14681,0.93,Linda Lopez,Linda Lopez,+51601076889,51601076889,09.04.75,1975-04-09T00:00:00.000Z,"7574 Washington Ave, Fairfax, VA","7574 Washington Ave, Fairfax, VA"
5467,1672,0.93,Barbara Thomas,Barbara Thomas,+54278770685,54278770685,05.09.74,1974-09-05T00:00:00.000Z,"659 Highland Rd, Baltimore, MD","659 Highland Rd, Baltimore, MD"
5458,13365,0.93,Daniel Rodriguez,Daniel Rodriguez,+77531214329,77531214329,01.06.22,2022-06-01T00:00:00.000Z,"1095 Maple Dr, Norfolk, DC","1095 Maple Dr, Norfolk, DC"
5402,13586,0.93,William Gonzalez,William Gonzalez,+29304073781,29304073781,28.12.13,2013-12-28T00:00:00.000Z,"5805 Washington Ave, Rockville, MD","5805 Washington Ave, Rockville, MD"
5394,7067,0.93,Lisa Brown,Lisa Brown,+09971449785,09971449785,08.09.21,2021-09-08T00:00:00.000Z,"5805 Highland Rd, Annapolis, VA","5805 Highland Rd, Annapolis, VA"
5351,1907,0.93,Jennifer Rodriguez,Jennifer Rodriguez,+25025481099,25025481099,10.02.74,1974-02-10T00:00:00.000Z,"9070 Highland Road, Annapolis, DC","9070 Highland Road, Annapolis, DC"
5325,11459,0.93,Daniel Thomas,Daniel Thomas,+55784825288,55784825288,04.03.12,2012-03-04T00:00:00.000Z,"4291 Maple Dr, College Park, MD","4291 Maple Dr, College Park, MD"
5256,4733,0.93,Patricia Miller,Patricia Miller,+52603468036,52603468036,03.03.22 ,2022-03-03T00:00:00.000Z,"5891 Elm St, Alexandria, DC","5891 Elm St, Alexandria, DC"
5227,4477,0.93,Patricia Davis,Patricia Davis,+14119675518,14119675518,03.05.99,1999-05-03T00:00:00.000Z,"3018 Sunset Blvd, Baltimore, DC","3018 Sunset Blvd, Baltimore, DC"
4899,6959,0.93,Anthony Jackson,Anthony Jackson,+54163451914,54163451914,19.09.76,1976-09-19T00:00:00.000Z,"5238 Pine Rd, Norfolk, VA","5238 Pine Rd, Norfolk, VA"
4679,13179,0.93,Richard Garcia,Richard Garcia,+70778324049,70778324049,19.06.92,1992-06-19T00:00:00.000Z,"782 Cedar Ln, Rockville, MD","782 Cedar Ln, Rockville, MD"
4547,967,0.93,Anthony Martinez,Anthony Martinez,+39894808998,39894808998,29.05.75,1975-05-29T00:00:00.000Z,"7384 Pine Rd, Bethesda, MD","7384 Pine Rd, Bethesda, MD"
4544,12192,0.93,Robert Gonzalez,Robert Gonzalez,+21543262738,21543262738,05.10.97,1997-10-05T00:00:00.000Z,"7698 Elm St, Annapolis, DC","7698 Elm St, Annapolis, DC"
4500,2031,0.93,Nancy Brown,Nancy Brown,+76928631175,76928631175,04.02.15,2015-02-04T00:00:00.000Z,"3384 Maple Dr, Norfolk, VA","3384 Maple Dr, Norfolk, VA"
4497,10951,0.93,Nancy Wilson,Nancy Wilson,+75881114145,75881114145,08.02.01,2001-02-08T00:00:00.000Z,"9058 Highland Rd, Fairfax, DC","9058 Highland Rd, Fairfax, DC"
4473,7516,0.93,Christopher Anderson,Christopher Anderson,+08591288287,08591288287,10.12.01,2001-12-10T00:00:00.000Z,"4962 Elm St, Alexandria, VA","4962 Elm St, Alexandria, VA"
4393,3270,0.93,Daniel Davis,Daniel Davis,+06867499088,06867499088,19.10.06,2006-10-19T00:00:00.000Z,"2474 Lakeview Dr, Baltimore, VA","2474 Lakeview Dr, Baltimore, VA"
4363,3568,0.93,Mary Martinez,Mary Martinez,+71850377992,71850377992,04.09.77,1977-09-04T00:00:00.000Z,"8891 Highland Rd, Fairfax, MD","8891 Highland Rd, Fairfax, MD"
4193,5692,0.93,Daniel Thomas,Daniel Thomas,+43702753151,43702753151,05.12.93,1993-12-05T00:00:00.000Z,"9798 Highland Rd, College Park, MD","9798 Highland Rd, College Park, MD"
4118,2863,0.93,Elizabeth Smith,Elizabeth Smith,+51590127262,51590127262,05.06.22,2022-06-05T00:00:00.000Z,"5820 Highland Rd, Bethesda, DC","5820 Highland Rd, Bethesda, DC"
4017,599,0.93,Mary Brown,Mary Brown,+11404569371,11404569371,18.10.83,1983-10-18T00:00:00.000Z,"7441 Maple Dr, Richmond, MD","7441 Maple Dr, Richmond, MD"
3911,9446,0.93,Jessica Miller,Jessica Miller,+37097207299,37097207299,01.02.78,1978-02-01T00:00:00.000Z,"5282 Washington Ave, College Park, MD","5282 Washington Ave, College Park, MD"
3853,815,0.93,Richard Martin,Richard Martin,+50034810338,50034810338,14.07.16,2016-07-14T00:00:00.000Z,"2948 Main St, College Park, MD","2948 Main St, College Park, MD"
3821,13327,0.93,Christopher Lopez,Christopher Lopez,+33889268631,33889268631,12.05.77,1977-05-12T00:00:00.000Z,"3543 Main St, Norfolk, VA","3543 Main St, Norfolk, VA"
3706,2255,0.93,William Taylor,William Taylor,+59941834302,59941834302,31.07.84,1984-07-31T00:00:00.000Z,"1536 Sunset Blvd, Annapolis, MD","1536 Sunset Blvd, Annapolis, MD"
3701,3976,0.93,David Brown,David Brown,+80136640672,80136640672,25.09.07,2007-09-25T00:00:00.000Z,"2156 Washington Ave, Richmond, DC","2156 Washington Ave, Richmond, DC"
3686,2475,0.93,Mary Davis,Mary Davis,+84534654486,84534654486,13.07.24,2024-07-13T00:00:00.000Z,"1095 Lakeview Dr, Norfolk, MD","1095 Lakeview Dr, Norfolk, MD"
3648,3372,0.93,David Taylor,David Taylor,+16863284190,16863284190,27.03.84,1984-03-27T00:00:00.000Z,"977 Main St, Baltimore, DC","977 Main St, Baltimore, DC"
3538,8689,0.93,Jennifer Taylor,Jennifer Taylor,+13291849420,13291849420,04.07.22,2022-07-04T00:00:00.000Z,"9919 Maple Dr, Annapolis, DC","9919 Maple Dr, Annapolis, DC"
3535,8528,0.93,John Garcia,John Garcia,+44878987024,44878987024,14.11.04,2004-11-14T00:00:00.000Z,"8842 Washington Ave, Arlington, MD","8842 Washington Ave, Arlington, MD"
3373,6408,0.93,James Hernandez,James Hernandez,+46850162209,46850162209,17.08.99,1999-08-17T00:00:00.000Z,"8796 Washington Ave, Bethesda, VA","8796 Washington Ave, Bethesda, VA"
3369,13331,0.93,Richard Williams,Richard Williams,+86913184086,86913184086,09.05.94,1994-05-09T00:00:00.000Z,"3020 Lakeview Dr, Norfolk, DC","3020 Lakeview Dr, Norfolk, DC"
2914,6665,0.93,Barbara Johnson,Barbara Johnson,+56463617788,56463617788,24.11.96,1996-11-24T00:00:00.000Z,"9564 Cedar Ln, Norfolk, VA","9564 Cedar Ln, Norfolk, VA"
2853,5385,0.93,Sandra Thomas,Sandra Thomas,+68496638533,68496638533,12.06.96,1996-06-12T00:00:00.000Z,"4395 Pine Rd, College Park, DC","4395 Pine Rd, College Park, DC"
2818,9274,0.93,Karen Williams,Karen Williams,+47234780478,47234780478,21.12.09,2009-12-21T00:00:00.000Z,"3794 Highland Rd, Rockville, MD","3794 Highland Rd, Rockville, MD"
2689,4689,0.93,Barbara Hernandez,Barbara Hernandez,+60481732086,60481732086,13.02.23,2023-02-13T00:00:00.000Z,"9603 Highland Rd, College Park, DC","9603 Highland Rd, College Park, DC"
2609,13033,0.93,Matthew Davis,Matthew Davis,+83718223211,83718223211,13.07.99,1999-07-13T00:00:00.000Z,"2935 Lakeview Dr, Fairfax, DC","2935 Lakeview Dr, Fairfax, DC"
2601,10626,0.93,Anthony Moore,Anthony Moore,+54990953148,54990953148,06.09.90,1990-09-06T00:00:00.000Z,"3060 Cedar Ln, Richmond, VA","3060 Cedar Ln, Richmond, VA"
2440,1779,0.93,Nancy Wilson,Nancy Wilson,+08478320632,08478320632,21.11.86,1986-11-21T00:00:00.000Z,"4710 Highland Rd, Bethesda, MD","4710 Highland Rd, Bethesda, MD"
2434,5943,0.93,James Smith,James Smith,+86457361151,86457361151,14.01.11,2011-01-14T00:00:00.000Z,"296 Sunset Blvd, Richmond, MD","296 Sunset Blvd, Richmond, MD"
2368,8955,0.93,Joseph Taylor,Joseph Taylor,+70271938851,70271938851,17.07.08,2008-07-17T00:00:00.000Z,"5533 Highland Rd, Annapolis, DC","5533 Highland Rd, Annapolis, DC"
2334,5919,0.93,John Rodriguez,John Rodriguez,+91227848839,91227848839,27.12.83,1983-12-27T00:00:00.000Z,"2386 Elm St, Fairfax, MD","2386 Elm St, Fairfax, MD"
2291,1162,0.93,Christopher Moore,Christopher Moore,+42197300772,42197300772,03.06.72,1972-06-03T00:00:00.000Z,"7180 Cedar Ln, Norfolk, DC","7180 Cedar Ln, Norfolk, DC"
2288,12916,0.93,Nancy Martinez,Nancy Martinez,+81765620589,81765620589,24.03.88,1988-03-24T00:00:00.000Z,"5133 Main St, Arlington, DC","5133 Main St, Arlington, DC"
2263,12050,0.93,John Jackson,John Jackson,+57155458685,57155458685,24.05.23,2023-05-24T00:00:00.000Z,"9019 Elm St, College Park, DC","9019 Elm St, College Park, DC"
2185,1337,0.93,Linda Williams,Linda Williams,+52177213037,52177213037,23.10.01,2001-10-23T00:00:00.000Z,"1920 Cedar Ln, Fairfax, MD","1920 Cedar Ln, Fairfax, MD"
2177,1568,0.93,Daniel Smith,Daniel Smith,+71689572628,71689572628,01.06.04,2004-06-01T00:00:00.000Z,"6277 Maple Dr, College Park, MD","6277 Maple Dr, College Park, MD"
2114,3999,0.93,Matthew Lopez,Matthew Lopez,+53075694389,53075694389,17.09.85,1985-09-17T00:00:00.000Z,"4290 Highland Rd, Richmond, MD","4290 Highland Rd, Richmond, MD"
2089,1794,0.93,Anthony Martinez,Anthony Martinez,+00616170261,00616170261,23.05.17,2017-05-23T00:00:00.000Z,"5893 Cedar Ln, Richmond, VA","5893 Cedar Ln, Richmond, VA"
2050,13306,0.93,Lisa Jones,Lisa Jones,+89455267582,89455267582,22.01.16,2016-01-22T00:00:00.000Z,"7579 Main St, Norfolk, MD","7579 Main St, Norfolk, MD"
2010,14882,0.93,Nancy Jackson,Nancy Jackson,+67765045053,67765045053,04.10.75,1975-10-04T00:00:00.000Z,"3360 Cedar Ln, Rockville, VA","3360 Cedar Ln, Rockville, VA"
1990,12657,0.93,Robert Garcia,Robert Garcia,+11829154645,11829154645,05.07.75,1975-07-05T00:00:00.000Z,"7643 Highland Rd, Fairfax, MD","7643 Highland Rd, Fairfax, MD"
1926,5578,0.93,Joseph Thomas,Joseph Thomas,+70462206098,70462206098,21.04.76,1976-04-21T00:00:00.000Z,"4937 Maple Dr, Rockville, MD","4937 Maple Dr, Rockville, MD"
1698,12750,0.93,Barbara Williams,Barbara Williams,+84955948125,84955948125,30.11.08,2008-11-30T00:00:00.000Z,"7827 Elm St, Alexandria, MD","7827 Elm St, Alexandria, MD"
1604,4461,0.93,Sandra Gonzalez,Sandra Gonzalez,+99813327977,99813327977,24.11.85,1985-11-24T00:00:00.000Z,"7930 Washington Ave, Richmond, DC","7930 Washington Ave, Richmond, DC"
1577,14237,0.93,Robert Davis,  ROBERT DAVIS ,+23918026472,23918026472,07.05.78,1978-05-07T00:00:00.000Z,"5319 Maple Dr, College Park, DC","5319 Maple Dr, College Park, DC"
1567,5383,0.93,Lisa Anderson,Lisa Anderson,+55181273768,55181273768,11.03.91,1991-03-11T00:00:00.000Z,"5373 Washington Ave, Rockville, VA","5373 Washington Ave, Rockville, VA"
1542,6936,0.93,Jessica Martinez,Jessica Martinez,+66103376869,66103376869,03.02.10,2010-02-03T00:00:00.000Z,"7523 Lakeview Dr, Annapolis, MD","7523 Lakeview Dr, Annapolis, MD"
1517,1078,0.93,John Martinez,John Martinez,+54160153173,54160153173,24.09.09,2009-09-24T00:00:00.000Z,"5388 Cedar Ln, Annapolis, MD","5388 Cedar Ln, Annapolis, MD"
1396,8708,0.93,Lisa Smith,Lisa Smith,+79823105667,79823105667,19.12.90,1990-12-19T00:00:00.000Z,"4634 Cedar Ln, Richmond, MD","4634 Cedar Ln, Richmond, MD"
1351,14587,0.93,Daniel Rodriguez,Daniel Rodriguez,+11486569143,11486569143,04.03.78,1978-03-04T00:00:00.000Z,"2339 Sunset Blvd, Rockville, DC","2339 Sunset Blvd, Rockville, DC"
1306,7285,0.93,William Wilson,William Wilson,+49613434036,49613434036,14.05.93,1993-05-14T00:00:00.000Z,"1305 Washington Ave, Richmond, MD","1305 Washington Ave, Richmond, MD"
1296,2838,0.93,Matthew Brown,Matthew Brown,+80442648437,80442648437,28.11.92,1992-11-28T00:00:00.000Z,"7238 Washington Ave, Baltimore, MD","7238 Washington Ave, Baltimore, MD"
1107,4948,0.93,Daniel Rodriguez,Daniel Rodriguez,+00513140405,00513140405,24.01.23,2023-01-24T00:00:00.000Z,"2024 Highland Rd, Annapolis, VA","2024 Highland Rd, Annapolis, VA"
1101,9558,0.93,Mary Wilson,Mary Wilson,+41302286440,41302286440,17.09.02,2002-09-17T00:00:00.000Z,"2502 Highland Rd , College Park , VA","2502 Highland Rd , College Park , VA"
1053,5559,0.93,Robert Lopez,Robert Lopez,+13136345536,13136345536,14.01.90,1990-01-14T00:00:00.000Z,"6103 Pine Rd, Bethesda, VA","6103 Pine Rd, Bethesda, VA"
1014,2415,0.93,James Johnson,James Johnson,+92834592110,92834592110,08.05.16,2016-05-08T00:00:00.000Z,"4509 Main St, Norfolk, MD","4509 Main St, Norfolk, MD"
901,1132,0.93,Anthony Smith,Anthony Smith,+16010192542,16010192542,21.05.19,2019-05-21T00:00:00.000Z,"6338 Sunset Blvd, Rockville, MD","6338 Sunset Blvd, Rockville, MD"
891,6314,0.93,Sandra Smith,Sandra Smith,+59044999170,59044999170,09.08.21,2021-08-09T00:00:00.000Z,"1640 Pine Rd, Richmond, VA","1640 Pine Rd, Richmond, VA"
697,8659,0.93,Elizabeth Wilson,Elizabeth Wilson,+39693043445,39693043445,03.03.24,2024-03-03T00:00:00.000Z,"6346 Washington Ave, Annapolis, MD","6346 Washington Ave, Annapolis, MD"
669,5829,0.93,Jennifer Jackson,Jennifer Jackson,+33669724078,33669724078,03.08.04,2004-08-03T00:00:00.000Z,"8149 Maple Dr, Fairfax, MD","8149 Maple Dr, Fairfax, MD"
611,14561,0.93,Elizabeth Lopez,Elizabeth Lopez,+96828258063,96828258063,10.12.16,2016-12-10T00:00:00.000Z,"9373 Washington Ave, College Park, DC","9373 Washington Ave, College Park, DC"
579,8001,0.93,Daniel Taylor,Daniel Taylor,+97166408000,97166408000,05.11.73,1973-11-05T00:00:00.000Z,"4673 Washington Ave, College Park, DC","4673 Washington Ave, College Park, DC"
518,10399,0.93,Elizabeth Brown,Elizabeth Brown,+76844366128,76844366128,28.12.00,2000-12-28T00:00:00.000Z,"471 Oak Ave, Baltimore, VA","471 Oak Ave, Baltimore, VA"
332,7522,0.93,Daniel Martin,Daniel Martin,+50705506881,50705506881,23.02.22,2022-02-23T00:00:00.000Z,"378 Lakeview Dr, College Park, DC","378 Lakeview Dr, College Park, DC"
327,2055,0.93,David Johnson,David Johnson,+08648062275,08648062275,28.11.14,2014-11-28T00:00:00.000Z,"2287 Washington Ave, Alexandria, MD","2287 Washington Ave, Alexandria, MD"
237,10316,0.93,Richard Taylor,Richard Taylor,+69747886592,69747886592,23.04.13,2013-04-23T00:00:00.000Z,"7354 Lakeview Dr, Rockville, VA","7354 Lakeview Dr, Rockville, VA"
232,5788,0.93,Sandra Moore,Sandra Moore,+88912187199,88912187199,09.05.77,1977-05-09T00:00:00.000Z,"8137 Cedar Ln, Norfolk, VA","8137 Cedar Ln, Norfolk, VA"
212,13106,0.93,Joseph Johnson,Joseph Johnson,+68986145578,68986145578,07.11.97,1997-11-07T00:00:00.000Z,"1221 Main St, Fairfax, MD","1221 Main St, Fairfax, MD"
210,13611,0.93,Robert Miller,Robert Miller,+63455013507,63455013507,11.01.02,2002-01-11T00:00:00.000Z,"3546 Main Street, College Park, MD","3546 Main St, College Park, MD"
55,10267,0.93,Richard Miller,Richard Miller,+00511248661,00511248661,22.08.03,2003-08-22T00:00:00.000Z,"3908 Washington Ave, Richmond, DC","3908 Washington Ave, Richmond, DC"
48,9284,0.93,Jennifer Thomas,Jennifer Thomas,+56573637330,56573637330,12.03.79,1979-03-12T00:00:00.000Z,"1619 Elm St, Norfolk, MD","1619 Elm St, Norfolk, MD"
14941,10041,0.9,Karen Johnson,Karen Johnson,+25337164132,25337164132,11.04.92,1992-04-11T00:00:00.000Z,"5071 Main St, Bethesda, VA","5071 Main St, Bethesda, VA"
14928,14853,0.9,Jessica Jones,Jessica Jones,+08766031126,08766031126,27.07.07,2007-07-27T00:00:00.000Z,"2285 Pine Rd, Rockville, MD","2285 Pine Rd, Rockville, MD"
14850,10219,0.9,Elizabeth Jackson,Elizabeth Jackson,+31063206303,31063206303,07.10.81,1981-10-07T00:00:00.000Z,"9823 Elm St, Baltimore, MD","9823 Elm St, Baltimore, MD"
14773,5753,0.9,David Moore,David Moore,+78174575251,78174575251,16.06.77,1977-06-16T00:00:00.000Z,"4469 Highland Rd, Alexandria, MD","4469 Highland Rd, Alexandria, MD"
14722,3235,0.9,Karen Wilson,Karen Wilson,+72935327743,72935327743,19.08.78,1978-08-19T00:00:00.000Z,"4097 Cedar Ln, Annapolis, MD","4097 Cedar Ln, Annapolis, MD"
14705,4916,0.9,David Jackson,David Jackson,+40701166667,40701166667,04.02.84,1984-02-04T00:00:00.000Z,"780 Lakeview Dr, Arlington, MD","780 Lakeview Dr, Arlington, MD"
14544,2205,0.9,Karen hernandez,Karen Hernandez,+28470900974,28470900974,19.01.79,1979-01-19T00:00:00.000Z,"1343 Oak Ave, Alexandria, MD","1343 Oak Ave, Alexandria, MD"
14515,12818,0.9,John Moore,John Moore,+40702375282,40702375282,11.10.02,2002-10-11T00:00:00.000Z,"129 Main St, Norfolk, MD","129 Main St, Norfolk, MD"
14443,5240,0.9,David Brown,David Brown,+27326939601,27326939601,02.09.14,2014-09-02T00:00:00.000Z,"1203 Oak Ave, College Park, VA","1203 Oak Ave, College Park, VA"
14283,2719,0.9,Richard Lopez,Richard Lopez,+55808030694,55808030694,12.07.74,1974-07-12T00:00:00.000Z,"3309 Elm St, Fairfax, DC","3309 Elm St, Fairfax, DC"
14172,7830,0.9,Matthew Martinez,Matthew Martinez,+51173556982,51173556982,25.09.07,2007-09-25T00:00:00.000Z,"7652 Main St, Rockville, DC","7652 Main St, Rockville, DC"
14038,10827,0.9,Mary Anderson,Mary Anderson,+23329692885,23329692885,04.10.86,1986-10-04T00:00:00.000Z,"7518 Maple Dr, Alexandria, VA","7518 Maple Dr, Alexandria, VA"
13993,9526,0.9,Joseph Wilson,Joseph Wilson,+07376291920,07376291920,10.03.20,2020-03-10T00:00:00.000Z,"9663 Oak Ave, Norfolk, DC","9663 Oak Ave, Norfolk, DC"
13973,920,0.9,Linda Wilson,Linda Wilson,+80926138038,80926138038,22.08.05,2005-08-22T00:00:00.000Z,"APT 2, 6523 Oak Ave, Annapolis, VA","6523 Oak Ave, Annapolis, VA"
13801,8960,0.9,Daniel smith,Daniel Smith,+58269153220,58269153220,14.11.99,1999-11-14T00:00:00.000Z,"9982 Pine Rd, Alexandria, MD","9982 Pine Rd, Alexandria, MD"
13788,14677,0.9,Richard Taylor,Richard Taylor,+15099075374,15099075374,28.03.79,1979-03-28T00:00:00.000Z,"3025 Oak Ave, College Park, MD","3025 Oak Ave, College Park, MD"
13711,11453,0.9,William Garcia,William Garcia,+89442635122,89442635122,11.09.06,2006-09-11T00:00:00.000Z,"4509 Pine Rd , Richmond , VA","4509 Pine Rd , Richmond , VA"
13474,4248,0.9,Sandra Gonzalez,Sandra Gonzalez,+58542722786,58542722786,30.03.22,2022-03-30T00:00:00.000Z,"9000 Main St, Bethesda, DC","9000 Main St, Bethesda, DC"
13438,7520,0.9,David Martinez,David Martinez,+94402612438,94402612438,18.07.15,2015-07-18T00:00:00.000Z,"2080 Sunset Blvd, Arlington, VA, Unit B","2080 Sunset Blvd, Arlington, VA"
13409,8212,0.9,Linda Smith,Linda Smith,+19710749912,19710749912,11.06.79,1979-06-11T00:00:00.000Z,"4282 Lakeview Dr, College Park, VA","4282 Lakeview Dr, College Park, VA"
13358,12301,0.9,Richard Martinez,Richard Martinez,+02078614150,02078614150,01.06.10,2010-06-01T00:00:00.000Z,"9370 Main St, Arlington, DC","9370 Main St, Arlington, DC"
13066,306,0.9,Michael Martin,Michael Martin,+85924113244,85924113244,18.09.92,1992-09-18T00:00:00.000Z,"2427 Oak Ave, Bethesda, VA","2427 Oak Ave, Bethesda, VA"
12962,3929,0.9,Robert Johnson,Robert Johnson,+93429968265,93429968265,28.01.23,2023-01-28T00:00:00.000Z,"7013 Lakeview Dr, Alexandria, DC","7013 Lakeview Dr, Alexandria, DC"
12878,5758,0.9,Richard Williams,Richard Williams,+23878274825,23878274825,03.04.74,1974-04-03T00:00:00.000Z,"8939 Cedar Ln, Alexandria, VA","8939 Cedar Ln, Alexandria, VA"
12869,11155,0.9,Nancy Jones,Nancy Jones,+56884877096,56884877096,13.10.09,2009-10-13T00:00:00.000Z,"8667 Pine Rd, Richmond, MD","8667 Pine Rd, Richmond, MD"
12824,11138,0.9,Matthew Anderson,Matthew Anderson,+68670829697,68670829697,26.07.86,1986-07-26T00:00:00.000Z,"5370 Elm St, Bethesda, DC","5370 Elm St, Bethesda, DC"
12697,3397,0.9,Daniel Hernandez,Daniel Hernandez,+53279703708,53279703708,18.11.93,1993-11-18T00:00:00.000Z,"6464 Maple Dr, Baltimore, DC","6464 Maple Dr, Baltimore, DC"
12656,10842,0.9,Elizabeth Garcia,Elizabeth Garcia,+81853131151,81853131151,07.09.16,2016-09-07T00:00:00.000Z,"5710 Maple Dr, Annapolis, MD","5710 Maple Dr, Annapolis, MD"
12610,8578,0.9,Robert Thomas,Robert Thomas,+17221431607,17221431607,05.08.95,1995-08-05T00:00:00.000Z,"8040 Pine Rd, Rockville, VA","8040 Pine Rd, Rockville, VA"
12584,3541,0.9,Richard Brown,Richard Brown,+72036287098,72036287098,21.01.75,1975-01-21T00:00:00.000Z,"8224 Maple Dr, Baltimore, MD","8224 Maple Dr, Baltimore, MD"
12560,5730,0.9,Elizabeth   Davis,Elizabeth Davis,+50543372497,50543372497,26.07.21,2021-07-26T00:00:00.000Z,"1141 Maple Dr, Alexandria, DC","1141 Maple Dr, Alexandria, DC"
12528,11940,0.9,James Lopez,James Lopez,+48924668180,48924668180,08.07.20,2020-07-08T00:00:00.000Z,"6190 Main St, Annapolis, MD","6190 Main St, Annapolis, MD"
12349,11414,0.9,Nancy Gonzalez,Nancy Gonzalez,+88376087789,88376087789,25.10.83,1983-10-25T00:00:00.000Z,"7432 Highland Rd, College Park, DC","7432 Highland Rd, College Park, DC"
12252,4110,0.9,Daniel Anderson,Daniel Anderson,+85357498068,85357498068,06.12.22,2022-12-06T00:00:00.000Z,"3372 Cedar Ln, Bethesda, VA","3372 Cedar Ln, Bethesda, VA"
12213,4409,0.9,Nancy Lopez,Nancy Lopez,+32122944701,32122944701,02.01.81,1981-01-02T00:00:00.000Z,"3261 Sunset Blvd, Alexandria, VA","3261 Sunset Blvd, Alexandria, VA"
12137,1894,0.9,Joseph Smith,Joseph Smith,+40206260000,40206260000,22.09.90,1990-09-22T00:00:00.000Z,"6323 Sunset Blvd, Alexandria, VA","6323 Sunset Blvd, Alexandria, VA"
12123,10250,0.9,Linda Brown,Linda Brown,+47124062334,47124062334,07.08.83,1983-08-07T00:00:00.000Z,"5919 Elm St, Baltimore, DC","5919 Elm St, Baltimore, DC"
12098,14817,0.9,Sandra Brown,Sandra Brown,+65407928019,65407928019,30.05.15,2015-05-30T00:00:00.000Z,"3748 Oak Ave, Baltimore, MD","3748 Oak Ave, Baltimore, MD"
12082,11972,0.9,James Martinez,James Martinez,+17591571789,17591571789,22.06.70,1970-06-22T00:00:00.000Z,"APT 2, 3206 Sunset Blvd, College Park, MD","3206 Sunset Blvd, College Park, MD"
11972,3839,0.9,Barbara Wilson,Barbara Wilson,+13122007610,13122007610,10.01.12,2012-01-10T00:00:00.000Z,"4895 Elm St, Richmond, DC","4895 Elm St, Richmond, DC"
11964,9170,0.9,Joseph Smith,Joseph Smith,+34215732349,34215732349,10.08.73,1973-08-10T00:00:00.000Z,"8949 Cedar Ln, Bethesda, DC","8949 Cedar Ln, Bethesda, DC"
11902,2740,0.9,Nancy Lopez,Nancy Lopez,+13717485046,13717485046,14.09.78,1978-09-14T00:00:00.000Z,"8707 Elm St, Rockville, DC","8707 Elm St, Rockville, DC"
11801,10222,0.9,Barbara Davis,Barbara Davis,+62902046199,62902046199,09.09.18,2018-09-09T00:00:00.000Z,"4986 Cedar Ln, College Park, MD","4986 Cedar Ln, College Park, MD"
11370,6001,0.9,Susan Martinez,Susan Martinez,+44216660050,44216660050,24.12.03,2003-12-24T00:00:00.000Z,"530 Elm St, Alexandria, MD","530 Elm St, Alexandria, MD"
11322,7337,0.9,Anthony Miller,Anthony Miller,+88961610647,88961610647,31.07.75,1975-07-31T00:00:00.000Z,"2556 Cedar Ln, Annapolis, VA","2556 Cedar Ln, Annapolis, VA"
11295,13513,0.9,Matthew Johnson,Matthew Johnson,+40712666814,40712666814,10.06.86,1986-06-10T00:00:00.000Z,"6033 Pine Rd, Arlington, DC","6033 Pine Rd, Arlington, DC"
11143,5459,0.9,Elizabeth Anderson,Elizabeth Anderson,+85376428270,85376428270,16.01.75,1975-01-16T00:00:00.000Z,"3249 Main St, Baltimore, VA","3249 Main St, Baltimore, VA"
11090,1490,0.9,Michael Lopez,Michael Lopez,+05625371664,05625371664,04.05.87,1987-05-04T00:00:00.000Z,"4098 Cedar Ln, Richmond, VA","4098 Cedar Ln, Richmond, VA"
11037,2200,0.9,Jessica Hernandez,Jessica Hernandez,+68901608778,68901608778,02.07.70,1970-07-02T00:00:00.000Z,"7213 Highland Rd, College Park, MD","7213 Highland Rd, College Park, MD"
10952,8579,0.9,Michael Taylor,Michael Taylor,+35319705382,35319705382,15.07.87,1987-07-15T00:00:00.000Z,"930 Maple Dr, College Park, MD","930 Maple Dr, College Park, MD"
10923,175,0.9,Matthew Thomas,Matthew Thomas,+15215577899,15215577899,05.10.99,1999-10-05T00:00:00.000Z,"5710 Highland Rd, Alexandria, VA","5710 Highland Rd, Alexandria, VA"
10876,11741,0.9,John Moore,John Moore,+54177771293,54177771293,19.07.81,1981-07-19T00:00:00.000Z,"4746 Pine Rd, College Park, MD","4746 Pine Rd, College Park, MD"
10762,12356,0.9,Karen Wilson,Karen Wilson,+15098844829,15098844829,15.09.98,1998-09-15T00:00:00.000Z,"2219 Maple Dr, College Park, MD","2219 Maple Dr, College Park, MD"
10754,7375,0.9,Jennifer Johnson,Jennifer Johnson,+59497913133,59497913133,11.06.05,2005-06-11T00:00:00.000Z,"5102 Cedar Ln, Alexandria, VA","5102 Cedar Ln, Alexandria, VA"
10724,5517,0.9,Robert Wilson,Robert Wilson,+13620611712,13620611712,24.10.11,2011-10-24T00:00:00.000Z,"3551 Pine Rd, Baltimore, MD","3551 Pine Rd, Baltimore, MD"
10721,4216,0.9,Nancy Jones,Nancy Jones,+47697510130,47697510130,21.07.74,1974-07-21T00:00:00.000Z,"2439 Main St, Baltimore, MD","2439 Main St, Baltimore, MD"
10681,10651,0.9,Karen martin,Karen Martin,+08080552177,08080552177,20.08.23,2023-08-20T00:00:00.000Z,"2969 Oak Ave, Richmond, DC","2969 Oak Ave, Richmond, DC"
10545,11074,0.9,Daniel Jones,Daniel Jones,+03809053717,03809053717,26.01.21,2021-01-26T00:00:00.000Z,"6481 Pine Rd, Annapolis, DC","6481 Pine Rd, Annapolis, DC"
10340,12131,0.9,Elizabeth Hernandez,Elizabeth Hernandez,+32812080853,32812080853,28.07.11,2011-07-28T00:00:00.000Z,"977 Maple Dr, Norfolk, MD","977 Maple Dr, Norfolk, MD"
10223,3654,0.9,Susan Wilson,Susan Wilson,+69629725238,69629725238,22.08.69,1969-08-22T00:00:00.000Z,"2327 Oak Ave, Fairfax, MD","2327 Oak Ave, Fairfax, MD"
9748,2233,0.9,Sandra Hernandez,Sandra Hernandez,+65073185490,65073185490,16.08.90,1990-08-16T00:00:00.000Z,"4765 Main St, Annapolis, DC","4765 Main St, Annapolis, DC"
9630,5604,0.9,David Martin,David Martin,+51299895567,51299895567,24.01.05,2005-01-24T00:00:00.000Z,"3951 Pine Rd, Norfolk, DC","3951 Pine Rd, Norfolk, DC"
9578,4154,0.9,James Brown,James Brown,+83187967324,83187967324,08.06.78,1978-06-08T00:00:00.000Z,"7106 Cedar Ln, Rockville, MD","7106 Cedar Ln, Rockville, MD"
9453,8985,0.9,Michael Jones,Michael Jones,+25284575853,25284575853,27.09.82,1982-09-27T00:00:00.000Z,"9853 Main St, Alexandria, VA","9853 Main St, Alexandria, VA"
9452,5241,0.9,James Miller,James Miller,+05181467857,05181467857,27.09.89,1989-09-27T00:00:00.000Z,"6861 Oak Ave, Norfolk, DC","6861 Oak Ave, Norfolk, DC"
9362,564,0.9,Robert Rodriguez,Robert Rodriguez,+35494057315,35494057315,29.10.00,2000-10-29T00:00:00.000Z,"7380 Elm St, College Park, VA, Unit B","7380 Elm St, College Park, VA"
9313,5835,0.9,Nancy Johnson,Nancy Johnson,+85908354695,85908354695,23.08.03,2003-08-23T00:00:00.000Z,"8626 Cedar Ln, Alexandria, DC","8626 Cedar Ln, Alexandria, DC"
9298,14917,0.9,Barbara Martin,Barbara Martin,+89321969477,89321969477,16.08.99,1999-08-16T00:00:00.000Z,"3913 Pine Rd, Richmond, VA","3913 Pine Rd, Richmond, VA"
9290,14465,0.9,John Martinez,John Martinez,+73152441279,73152441279,27.07.95,1995-07-27T00:00:00.000Z,"1069 Pine Rd, Baltimore, MD","1069 Pine Rd, Baltimore, MD"
9166,13888,0.9,Patricia Davis,Patricia Davis,+08588684865,08588684865,03.06.86,1986-06-03T00:00:00.000Z,"1194 Oak Ave, Richmond, DC","1194 Oak Ave, Richmond, DC"
9001,9725,0.9,Richard Martin,Richard Martin,+85321822393,85321822393,23.11.73,1973-11-23T00:00:00.000Z,"3504 Oak Ave, Annapolis, VA","3504 Oak Ave, Annapolis, VA"
8970,944,0.9,Barbara Johnson,Barbara Johnson,+24379025815,24379025815,14.12.81,1981-12-14T00:00:00.000Z,"7043 Elm St, Richmond, MD","7043 Elm St, Richmond, MD"
8916,11661,0.9,Christopher Miller,Christopher Miller,+80276775073,80276775073,20.02.94,1994-02-20T00:00:00.000Z,"8644 Maple Dr, Rockville, DC","8644 Maple Dr, Rockville, DC"
8905,11078,0.9,Richard Williams,Richard Williams,+81711228646,81711228646,31.10.69,1969-10-31T00:00:00.000Z,"7724 Maple Dr, Baltimore, MD","7724 Maple Dr, Baltimore, MD"
8861,7910,0.9,Daniel Miller,Daniel Miller,+95777713771,95777713771,27.03.04,2004-03-27T00:00:00.000Z,"2020 Cedar Ln, Bethesda, VA","2020 Cedar Ln, Bethesda, VA"
8817,10731,0.9,Karen Miller,Karen Miller,+23843567251,23843567251,10.12.16,2016-12-10T00:00:00.000Z,"3860 Main St, Fairfax, MD","3860 Main St, Fairfax, MD"
8808,5566,0.9,Anthony Moore,Anthony Moore,+73130666863,73130666863,07.05.15,2015-05-07T00:00:00.000Z,"5099 Pine Rd, Richmond, VA","5099 Pine Rd, Richmond, VA"
8776,4536,0.9,Karen Hernandez,Karen Hernandez,+70156243656,70156243656,31.10.04,2004-10-31T00:00:00.000Z,"9827 Pine Rd, Norfolk, VA","9827 Pine Rd, Norfolk, VA"
8769,5429,0.9,William Gonzalez,William Gonzalez,+66842255151,66842255151,01.06.13,2013-06-01T00:00:00.000Z,"7445 Pine Rd, Arlington, DC","7445 Pine Rd, Arlington, DC"
8703,1897,0.9,Barbara Hernandez,Barbara Hernandez,+06026092572,06026092572,22.06.22,2022-06-22T00:00:00.000Z,"313 Main St, Bethesda, MD","313 Main St, Bethesda, MD"
8667,4404,0.9,Joseph Martinez,Joseph Martinez,+69353622882,69353622882,10.04.01,2001-04-10T00:00:00.000Z,"7618 Cedar Ln, Bethesda, DC","7618 Cedar Ln, Bethesda, DC"
8626,8886,0.9,Nancy Miller,Nancy Miller,+52258765462,52258765462,03.01.70,1970-01-03T00:00:00.000Z,"7870 Pine Rd, Rockville, MD","7870 Pine Rd, Rockville, MD"
8581,8120,0.9,Robert Jones,Robert Jones,+98172283807,98172283807,11.09.86,1986-09-11T00:00:00.000Z,"6818 Main St, Alexandria, VA","6818 Main St, Alexandria, VA"
8482,11096,0.9,Jessica Martinez,Jessica Martinez,+26379213937,26379213937,25.05.95,1995-05-25T00:00:00.000Z,"9547 Cedar Ln, Alexandria, MD","9547 Cedar Ln, Alexandria, MD"
8412,4166,0.9,Nancy Anderson,Nancy Anderson,+04679698539,04679698539,23.12.72,1972-12-23T00:00:00.000Z,"1816 Main St, Baltimore, MD","1816 Main St, Baltimore, MD"
8397,10875,0.9,Jennifer jones,Jennifer Jones,+89668353886,89668353886,10.10.83,1983-10-10T00:00:00.000Z,"7532 Cedar Ln, Rockville, MD","7532 Cedar Ln, Rockville, MD"
8392,2987,0.9,Jessica Garcia,Jessica Garcia,+63649736065,63649736065,05.01.70,1970-01-05T00:00:00.000Z,"8542 Elm St, Baltimore, VA","8542 Elm St, Baltimore, VA"
8190,5675,0.9,Karen Martinez,Karen Martinez,+37513700847,37513700847,12.06.86,1986-06-12T00:00:00.000Z,"7988 Oak Ave, Rockville, VA","7988 Oak Ave, Rockville, VA"
8069,5762,0.9,Sandra Smith,Sandra Smith,+99047283454,99047283454,22.01.07,2007-01-22T00:00:00.000Z,"2858 Elm St, Alexandria, DC","2858 Elm St, Alexandria, DC"
8039,6209,0.9,Joseph Moore,Joseph Moore,+14200359278,14200359278,29.06.07,2007-06-29T00:00:00.000Z,"9026 Main St, Rockville, MD","9026 Main St, Rockville, MD"
8014,9078,0.9,Elizabeth Taylor,Elizabeth Taylor,+28974457835,28974457835,13.02.89,1989-02-13T00:00:00.000Z,"7806 Oak Ave, Bethesda, DC","7806 Oak Ave, Bethesda, DC"
7987,11167,0.9,John Thomas,John Thomas,+67097265024,67097265024,03.11.13,2013-11-03T00:00:00.000Z,"3424 Maple Dr, Annapolis, DC","3424 Maple Dr, Annapolis, DC"
7974,7420,0.9,Joseph   Miller,Joseph Miller,+52870374406,52870374406,08.04.80,1980-04-08T00:00:00.000Z,"2785 Elm St, Annapolis, DC","2785 Elm St, Annapolis, DC"
7921,8692,0.9,William Jackson,William Jackson,+03008974769,03008974769,15.10.69,1969-10-15T00:00:00.000Z,"8012 Pine Rd, Annapolis, MD","8012 Pine Rd, Annapolis, MD"
7826,14381,0.9,Barbara Johnson,Barbara Johnson,+25370775517,25370775517,18.06.03,2003-06-18T00:00:00.000Z,"2826 Main St, Rockville, MD","2826 Main St, Rockville, MD"
7808,13460,0.9,Robert Smith,Robert Smith,+31772945047,31772945047,29.10.24,2024-10-29T00:00:00.000Z,"6759 Oak Ave, Fairfax, DC","6759 Oak Ave, Fairfax, DC"
7716,9393,0.9,Linda anderson,Linda Anderson,+60536716734,60536716734,12.11.22,2022-11-12T00:00:00.000Z,"3092 Maple Dr, Richmond, DC","3092 Maple Dr, Richmond, DC"
7602,4908,0.9,Michael Davis,Michael Davis,+80681401603,80681401603,27.06.69,1969-06-27T00:00:00.000Z,"4866 Cedar Ln, Rockville, VA","4866 Cedar Ln, Rockville, VA"
7495,10563,0.9,Lisa Martinez,Lisa Martinez,+61412900412,61412900412,29.10.88,1988-10-29T00:00:00.000Z,"4105 Pine Rd, Annapolis, DC","4105 Pine Rd, Annapolis, DC"
7435,4408,0.9,Karen Brown,Karen Brown,+79353283087,79353283087,27.08.07,2007-08-27T00:00:00.000Z,"1827 Pine Rd, Rockville, DC","1827 Pine Rd, Rockville, DC"
7425,3874,0.9,Nancy Brown,Nancy Brown,+28606501227,28606501227,08.05.92,1992-05-08T00:00:00.000Z,"543 Main St, Arlington, DC","543 Main St, Arlington, DC"
7379,7487,0.9,Lisa Smith,Lisa Smith,+42971854550,42971854550,26.04.24,2024-04-26T00:00:00.000Z,"8516 elm st, alexandria, va","8516 Elm St, Alexandria, VA"
7301,4662,0.9,Daniel Davis,Daniel Davis,+17077950348,17077950348,16.04.15,2015-04-16T00:00:00.000Z,"8868 Main St, Bethesda, VA","8868 Main St, Bethesda, VA"
7234,9517,0.9,Susan Miller,Susan Miller,+99573379824,99573379824,03.09.22,2022-09-03T00:00:00.000Z,"3540 Elm St, College Park, MD","3540 Elm St, College Park, MD"
7084,9416,0.9,Lisa Jackson,Lisa Jackson,+45645135799,45645135799,30.11.15,2015-11-30T00:00:00.000Z,"7024 Pine Rd, Arlington, VA","7024 Pine Rd, Arlington, VA"
7056,3763,0.9,Michael Jackson,Michael Jackson,+99014482388,99014482388,05.11.93,1993-11-05T00:00:00.000Z,"9888 Maple Dr, Arlington, VA","9888 Maple Dr, Arlington, VA"
6984,5793,0.9,James   Williams,James Williams,+40466245331,40466245331,28.10.76,1976-10-28T00:00:00.000Z,"8227 Pine Rd, Richmond, MD","8227 Pine Rd, Richmond, MD"
6881,12815,0.9,Jennifer Moore,Jennifer Moore,+39853538115,39853538115,21.08.01,2001-08-21T00:00:00.000Z,"632 Oak Ave, Bethesda, VA","632 Oak Ave, Bethesda, VA"
6698,8472,0.9,Lisa Thomas,Lisa Thomas,+53413072890,53413072890,31.10.09,2009-10-31T00:00:00.000Z,"2283 Elm St, Norfolk, MD","2283 Elm St, Norfolk, MD"
6654,13363,0.9,William Thomas,William Thomas,+05548110438,05548110438,18.09.21,2021-09-18T00:00:00.000Z,"6911 Elm St, Baltimore, VA","6911 Elm St, Baltimore, VA"
6316,8647,0.9,Christopher Martinez,Christopher Martinez,+79254206414,79254206414,29.01.82,1982-01-29T00:00:00.000Z,"9491 Cedar Ln, College Park, VA","9491 Cedar Ln, College Park, VA"
6304,4944,0.9,William Moore,William Moore,+04376724417,04376724417,23.03.70,1970-03-23T00:00:00.000Z,"8811 Oak Ave, College Park, MD","8811 Oak Ave, College Park, MD"
6278,12475,0.9,Karen Miller,Karen Miller,+36397201544,36397201544,08.11.80,1980-11-08T00:00:00.000Z,"1373 Cedar Ln, College Park, DC","1373 Cedar Ln, College Park, DC"
6255,2514,0.9,Nancy smith,Nancy Smith,+47380669789,47380669789,06.06.14,2014-06-06T00:00:00.000Z,"835 Maple Dr, Baltimore, MD","835 Maple Dr, Baltimore, MD"
6146,2905,0.9,Barbara Anderson,Barbara Anderson,+64328342662,64328342662,21.12.77,1977-12-21T00:00:00.000Z,"1403 Oak Ave, Baltimore, DC","1403 Oak Ave, Baltimore, DC"
5948,4131,0.9,Mary Miller,Mary Miller,+63291546489,63291546489,28.05.23,2023-05-28T00:00:00.000Z,"8923 Main St, Richmond, VA","8923 Main St, Richmond, VA"
5926,6658,0.9,Jessica Martinez,Jessica Martinez,+66169281582,66169281582,26.03.71,1971-03-26T00:00:00.000Z,"2074 Oak Ave, Annapolis, VA","2074 Oak Ave, Annapolis, VA"
5678,12164,0.9,James Garcia,James Garcia,+25610007313,25610007313,25.08.98,1998-08-25T00:00:00.000Z,"491 Elm St, Norfolk, VA","491 Elm St, Norfolk, VA"
5666,6105,0.9,Nancy Taylor,Nancy Taylor,+70714271340,70714271340,28.06.05,2005-06-28T00:00:00.000Z,"438 Lakeview Dr, College Park, VA","438 Lakeview Dr, College Park, VA"
5477,12123,0.9,Linda Hernandez,Linda Hernandez,+48789001555,48789001555,27.01.91,1991-01-27T00:00:00.000Z,"9010 highland rd, college park, md","9010 highland rd, college park, md"
5466,6378,0.9,Jennifer Gonzalez,Jennifer Gonzalez,+53202326653,53202326653,02.07.91,1991-07-02T00:00:00.000Z,"1030 Elm St, Baltimore, MD","1030 Elm St, Baltimore, MD"
5387,14670,0.9,Mary Taylor,Mary Taylor,+73722459285,73722459285,28.04.88,1988-04-28T00:00:00.000Z,"5709 Main St, Rockville, VA","5709 Main St, Rockville, VA"
5384,14653,0.9,Anthony Williams,  ANTHONY WILLIAMS ,+66932027391,66932027391,01.09.79,1979-09-01T00:00:00.000Z,"6340 Sunset Blvd, Alexandria, VA","6340 Sunset Blvd, Alexandria, VA"
5304,6873,0.9,Patricia Brown,Patricia Brown,+52210266580,52210266580,23.02.74,1974-02-23T00:00:00.000Z,"731 Pine Rd, Fairfax, VA","731 Pine Rd, Fairfax, VA"
5298,4706,0.9,Sandra Moore,Sandra Moore,+98225944958,98225944958,22.06.90,1990-06-22T00:00:00.000Z,"8334 Main St, Alexandria, VA","8334 Main St, Alexandria, VA"
5157,8967,0.9,Patricia Lopez,Patricia Lopez,+87066070424,87066070424,03.02.71,1971-02-03T00:00:00.000Z,"5604 Cedar Ln, Rockville, MD","5604 Cedar Ln, Rockville, MD"
5011,10613,0.9,John Thomas,John Thomas,+30002463359,30002463359,02.12.87,1987-12-02T00:00:00.000Z,"8884 Cedar Ln, Bethesda, MD","8884 Cedar Ln, Bethesda, MD"
4967,10969,0.9,Elizabeth Martinez,Elizabeth Martinez,+98764240657,98764240657,13.11.08,2008-11-13T00:00:00.000Z,"525 Cedar Ln, Alexandria, MD","525 Cedar Ln, Alexandria, MD"
4949,9082,0.9,Joseph Martinez,Joseph Martinez,+41894656880,41894656880,07.07.73,1973-07-07T00:00:00.000Z,"1747 Lakeview Dr, College Park, VA","1747 Lakeview Dr, College Park, VA"
4839,8527,0.9,Karen Anderson,Karen Anderson,+90448476700,90448476700,18.11.21 ,2021-11-18T00:00:00.000Z,"717 Elm St, Fairfax, VA","717 Elm St, Fairfax, VA"
4743,14459,0.9,James Miller,James Miller,+46364387695,46364387695,28.08.12,2012-08-28T00:00:00.000Z,"6780 Cedar Ln, Alexandria, VA","6780 Cedar Ln, Alexandria, VA"
4687,11947,0.9,William Williams,William Williams,+87935651551,87935651551,19.07.85,1985-07-19T00:00:00.000Z,"9759 Elm St, Richmond, VA","9759 Elm St, Richmond, VA"
4668,13293,0.9,Jessica Jones,Jessica Jones,+75833292285,75833292285,05.10.15,2015-10-05T00:00:00.000Z,"3342 Elm St, Richmond, DC","3342 Elm St, Richmond, DC"
4551,13561,0.9,Jennifer Martin,Jennifer Martin,+83232124611,83232124611,25.10.87,1987-10-25T00:00:00.000Z,"6515 Cedar Ln, Richmond, MD","6515 Cedar Ln, Richmond, MD"
4524,12076,0.9,Patricia Rodriguez,Patricia Rodriguez,+91542465721,91542465721,04.12.71,1971-12-04T00:00:00.000Z,"1996 Cedar Ln, Alexandria, VA","1996 Cedar Ln, Alexandria, VA"
4405,855,0.9,David Gonzalez,David Gonzalez,+15242222264,15242222264,06.02.04,2004-02-06T00:00:00.000Z,"6853 Oak Ave, Alexandria, DC","6853 Oak Ave, Alexandria, DC"
4402,6299,0.9,Matthew Garcia,Matthew Garcia,+56750677393,56750677393,05.08.19,2019-08-05T00:00:00.000Z,"1965 Oak Ave, Baltimore, DC","1965 Oak Ave, Baltimore, DC"
4360,5714,0.9,John Anderson,John Anderson,+32443908648,32443908648,03.04.06,2006-04-03T00:00:00.000Z,"6820 Pine Rd, Norfolk, MD","6820 Pine Rd, Norfolk, MD"
4343,3373,0.9,Joseph Williams,Joseph Williams,+22722701570,22722701570,24.09.18,2018-09-24T00:00:00.000Z,"6984 Oak Ave, College Park, VA","6984 Oak Ave, College Park, VA"
4279,3003,0.9,William Taylor,William Taylor,+37843274662,37843274662,24.02.08,2008-02-24T00:00:00.000Z,"4904 Pine Rd, Arlington, MD","4904 Pine Rd, Arlington, MD"
4275,7621,0.9,Mary Lopez,Mary Lopez,+97285398925,97285398925,25.09.11,2011-09-25T00:00:00.000Z,"7806 Oak Ave, Alexandria, VA","7806 Oak Ave, Alexandria, VA"
4158,8268,0.9,Barbara Smith,Barbara Smith,+58976268944,58976268944,01.07.19,2019-07-01T00:00:00.000Z,"8221 Highland Rd, College Park, DC","8221 Highland Rd, College Park, DC"
4078,6489,0.9,Matthew Moore,Matthew Moore,+331-9313-7669,33193137669,12.08.16,2016-08-12T00:00:00.000Z,"3886 Oak Ave, Annapolis, VA","3886 Oak Ave, Annapolis, VA"
4027,3526,0.9,John Williams,John Williams,+91341227614,91341227614,26.08.20 ,2020-08-26T00:00:00.000Z,"7982 Sunset Blvd, College Park, DC","7982 Sunset Blvd, College Park, DC"
3971,434,0.9,Daniel Martin,Daniel Martin,+59321284528,59321284528,29.03.82,1982-03-29T00:00:00.000Z,"7565 Oak Ave, Annapolis, DC","7565 Oak Ave, Annapolis, DC"
3805,4396,0.9,Jennifer Davis,Jennifer Davis,+89374672290,89374672290,23.02.84,1984-02-23T00:00:00.000Z,"2904 Maple Dr, College Park, MD","2904 Maple Dr, College Park, MD"
3764,7146,0.9,Mary Smith,Mary Smith,+97875227746,97875227746,09.03.97,1997-03-09T00:00:00.000Z,"2755 Main St, Rockville, DC","2755 Main St, Rockville, DC"
3683,6386,0.9,Linda Wilson,Linda Wilson,+73099454079,73099454079,29.06.79,1979-06-29T00:00:00.000Z,"442 Lakeview Dr, Arlington, VA","442 Lakeview Dr, Arlington, VA"
3500,4214,0.9,Linda Taylor,Linda Taylor,+68958823456,68958823456,09.11.78,1978-11-09T00:00:00.000Z,"9586 Elm St, Bethesda, MD","9586 Elm St, Bethesda, MD"
3399,8497,0.9,Elizabeth Davis,Elizabeth Davis,+99169359572,99169359572,16.12.18,2018-12-16T00:00:00.000Z,"2913 Elm St, College Park, VA","2913 Elm St, College Park, VA"
3281,14531,0.9,Robert Brown,Robert Brown,+60936296788,60936296788,31.05.10,2010-05-31T00:00:00.000Z,"3072 Oak Ave, Arlington, VA","3072 Oak Ave, Arlington, VA"
3195,9508,0.9,Anthony Martin,Anthony Martin,+91897479278,91897479278,26.01.22,2022-01-26T00:00:00.000Z,"5731 Oak Ave, Alexandria, VA","5731 Oak Ave, Alexandria, VA"
3193,323,0.9,Lisa Smith,Lisa Smith,+98828513744,98828513744,06.12.12,2012-12-06T00:00:00.000Z,"9943 Pine Rd, Norfolk, DC","9943 Pine Rd, Norfolk, DC"
3050,7270,0.9,David Taylor,David Taylor,+79767378715,79767378715,05.04.23,2023-04-05T00:00:00.000Z,"6260 Pine Rd, Rockville, DC","6260 Pine Rd, Rockville, DC"
2999,10134,0.9,Karen Smith,Karen Smith,+29388944908,29388944908,26.07.10,2010-07-26T00:00:00.000Z,"2525 Pine Rd, Alexandria, MD","2525 Pine Rd, Alexandria, MD"
2895,9581,0.9,Barbara Garcia,Barbara Garcia,+79819074680,79819074680,02.05.92,1992-05-02T00:00:00.000Z,"834 Oak Ave, Fairfax, MD","834 Oak Ave, Fairfax, MD"
2884,1993,0.9,Susan Thomas,Susan Thomas,+32390169559,32390169559,28.05.05,2005-05-28T00:00:00.000Z,"1220 Elm St, Arlington, MD","1220 Elm St, Arlington, MD"
2881,11644,0.9,Barbara Jackson,Barbara Jackson,+35123373761,35123373761,25.05.08,2008-05-25T00:00:00.000Z,"9777 Main St, Fairfax, MD","9777 Main St, Fairfax, MD"
2743,11331,0.9,John Jackson,John Jackson,+72464488376,72464488376,02.04.21,2021-04-02T00:00:00.000Z,"9520 Pine Rd, Arlington, MD","9520 Pine Rd, Arlington, MD"
2735,12128,0.9,Jessica Jones,Jessica Jones,+18316921801,18316921801,26.02.06,2006-02-26T00:00:00.000Z,"256 Sunset Blvd, Rockville, DC","256 Sunset Blvd, Rockville, DC"
2665,1536,0.9,Robert Williams,Robert Williams,+74055473823,74055473823,02.10.05,2005-10-02T00:00:00.000Z,"1874 Oak Ave, Fairfax, DC","1874 Oak Ave, Fairfax, DC"
2625,2296,0.9,Susan Martin,Susan Martin,+06950706751,06950706751,26.11.73,1973-11-26T00:00:00.000Z,"5553 Elm St, College Park, DC","5553 Elm St, College Park, DC"
2575,6724,0.9,Daniel Moore,Daniel Moore,+30494726232,30494726232,23.12.15,2015-12-23T00:00:00.000Z,"5163 Highland Rd, Norfolk, DC, Unit B","5163 Highland Rd, Norfolk, DC"
2571,14483,0.9,Linda Jones,Linda Jones,+56749000609,56749000609,06.06.84,1984-06-06T00:00:00.000Z,"408 Cedar Ln, Annapolis, VA","408 Cedar Ln, Annapolis, VA"
2421,5317,0.9,Robert Jones,Robert Jones,+37403937137,37403937137,25.04.17,2017-04-25T00:00:00.000Z,"5521 Highland Rd, College Park, DC","5521 Highland Rd, College Park, DC"
2386,7681,0.9,James Jones,James Jones,+43747878261,43747878261,24.12.91,1991-12-24T00:00:00.000Z,"1283 Maple Dr, Annapolis, DC","1283 Maple Dr, Annapolis, DC"
2319,13063,0.9,Jennifer Taylor,Jennifer Taylor,+72235981847,72235981847,04.01.21,2021-01-04T00:00:00.000Z,"6067 Elm St, Alexandria, VA","6067 Elm St, Alexandria, VA"
2275,8495,0.9,John Hernandez,John Hernandez,+81933586306,81933586306,09.06.11,2011-06-09T00:00:00.000Z,"7662 Elm St, Richmond, MD","7662 Elm St, Richmond, MD"
2200,7806,0.9,Mary Jones,Mary Jones,+33941367445,33941367445,03.12.69,1969-12-03T00:00:00.000Z,"3520 Cedar Ln, Bethesda, VA","3520 Cedar Ln, Bethesda, VA"
2160,3495,0.9,Anthony Wilson,Anthony Wilson,+59596485817,59596485817,11.06.20,2020-06-11T00:00:00.000Z,"9685 Main St, College Park, DC","9685 Main St, College Park, DC"
2146,6054,0.9,Joseph Taylor,Joseph Taylor,+36998616249,36998616249,31.01.69,1969-01-31T00:00:00.000Z,"3538 Oak Ave, Richmond, MD","3538 Oak Ave, Richmond, MD"
2135,5545,0.9,Elizabeth Rodriguez,Elizabeth Rodriguez,+28222896258,28222896258,03.06.82,1982-06-03T00:00:00.000Z,"907 Sunset Blvd, Rockville, DC","907 Sunset Blvd, Rockville, DC"
2094,7612,0.9,Daniel Martin,Daniel Martin,+17670981735,17670981735,28.11.75,1975-11-28T00:00:00.000Z,"5179 Oak Ave, Annapolis, MD","5179 Oak Ave, Annapolis, MD"
2066,5621,0.9,Patricia Moore,Patricia Moore,+54643866620,54643866620,28.02.82,1982-02-28T00:00:00.000Z,"5056 Main St, Richmond, MD","5056 Main St, Richmond, MD"
1941,11043,0.9,Sandra Smith,Sandra Smith,+26312061573,26312061573,02.04.04,2004-04-02T00:00:00.000Z,"9815 Pine Rd, Alexandria, VA","9815 Pine Rd, Alexandria, VA"
1935,6033,0.9,Susan Lopez,Susan Lopez,+60251312435,60251312435,27.11.79,1979-11-27T00:00:00.000Z,"5097 Maple Dr, Alexandria, VA","5097 Maple Dr, Alexandria, VA"
1915,4419,0.9,Joseph Taylor,Joseph Taylor,+64985892163,64985892163,31.10.20,2020-10-31T00:00:00.000Z,"4653 Pine Rd, Bethesda, VA","4653 Pine Rd, Bethesda, VA"
1888,4760,0.9,Jennifer Gonzalez,Jennifer Gonzalez,+12319232429,12319232429,16.05.00,2000-05-16T00:00:00.000Z,"3861 Main St, Arlington, MD","3861 Main St, Arlington, MD"
1881,82,0.9,Susan Moore,Susan Moore,+83240477295,83240477295,28.09.89,1989-09-28T00:00:00.000Z,"6997 Elm St, Rockville, MD","6997 Elm St, Rockville, MD"
1821,6500,0.9,Patricia Garcia,Patricia Garcia,+21844196413,21844196413,29.07.83,1983-07-29T00:00:00.000Z,"APT 2, 9310 Main St, Arlington, VA","APT 2, 9310 Main St, Arlington, VA"
1553,7056,0.9,James Taylor,James Taylor,+07433607284,07433607284,09.09.21,2021-09-09T00:00:00.000Z,"8952 Pine Rd, College Park, DC","8952 Pine Rd, College Park, DC"
1478,13884,0.9,Matthew Taylor,Matthew Taylor,+74810619380,74810619380,21.05.04,2004-05-21T00:00:00.000Z,"1697 Elm St, College Park, MD","1697 Elm St, College Park, MD"
1380,4942,0.9,Sandra Moore,Sandra Moore,+94191043314,94191043314,25.05.18,2018-05-25T00:00:00.000Z,"7880 Elm St, Richmond, VA","7880 Elm St, Richmond, VA"
1228,163,0.9,Patricia Wilson,Patricia Wilson,+97823851268,97823851268,23.07.17,2017-07-23T00:00:00.000Z,"3419 Oak Ave, Norfolk, VA","3419 Oak Ave, Norfolk, VA"
1168,3732,0.9,Mary Jackson,Mary Jackson,+38810057451,38810057451,11.05.69,1969-05-11T00:00:00.000Z,"734 Pine Rd, Bethesda, MD","734 Pine Rd, Bethesda, MD"
1161,2861,0.9,Sandra Davis,Sandra Davis,+49243482041,49243482041,16.01.06,2006-01-16T00:00:00.000Z,"2933 Elm St, Norfolk, DC","2933 Elm St, Norfolk, DC"
1087,979,0.9,Mary Taylor,Mary Taylor,+09604157417,09604157417,01.02.96,1996-02-01T00:00:00.000Z,"9250 Elm St, Baltimore, DC","9250 Elm St, Baltimore, DC"
1024,9290,0.9,Nancy Miller,Nancy Miller,+02286507464,02286507464,16.06.86,1986-06-16T00:00:00.000Z,"7125 Cedar Ln, Richmond, MD","7125 Cedar Ln, Richmond, MD"
988,10085,0.9,Linda Gonzalez,Linda Gonzalez,+19400556677,19400556677,06.02.95,1995-02-06T00:00:00.000Z,"6197 Maple Dr, Richmond, MD","6197 Maple Dr, Richmond, MD"
857,32,0.9,Daniel Hernandez,Daniel Hernandez,+64215228140,64215228140,25.03.92,1992-03-25T00:00:00.000Z,"5153 Cedar Ln, Bethesda, DC","5153 Cedar Ln, Bethesda, DC"
851,10262,0.9,Jennifer Anderson,Jennifer Anderson,+22449663206,22449663206,05.02.13,2013-02-05T00:00:00.000Z,"2683 oak ave, annapolis, dc","2683 oak ave, annapolis, dc"
784,2662,0.9,James Miller,  JAMES MILLER ,+88494276501,88494276501,24.12.08,2008-12-24T00:00:00.000Z,"6234 Cedar Ln, Annapolis, MD","6234 Cedar Ln, Annapolis, MD"
648,4151,0.9,Michael Garcia,Michael Garcia,+03639870201,03639870201,26.06.10,2010-06-26T00:00:00.000Z,"4383 Oak Ave, College Park, DC","4383 Oak Ave, College Park, DC"
560,12581,0.9,Daniel Lopez,Daniel Lopez,+23922209853,23922209853,25.02.00,2000-02-25T00:00:00.000Z,"1820 Oak Ave, Richmond, MD","1820 Oak Ave, Richmond, MD"
541,12351,0.9,Linda Taylor,Linda Taylor,+01076521081,01076521081,14.08.24,2024-08-14T00:00:00.000Z,"824 Oak Ave, Richmond, MD","824 Oak Ave, Richmond, MD"
479,8162,0.9,Daniel Garcia,Daniel Garcia,+42237934267,42237934267,21.03.86,1986-03-21T00:00:00.000Z,"2801 Main St, Annapolis, VA","2801 Main St, Annapolis, VA"
475,9862,0.9,Sandra Lopez,Sandra Lopez,+00843685312,00843685312,28.08.20,2020-08-28T00:00:00.000Z,"5767 Maple Dr, College Park, VA","5767 Maple Dr, College Park, VA"
465,12702,0.9,Jessica Smith,Jessica Smith,+49339346899,49339346899,14.11.99,1999-11-14T00:00:00.000Z,"6361 Oak Ave , Arlington , MD","6361 Oak Ave , Arlington , MD"
302,8256,0.9,Anthony Jones,Anthony Jones,+95062544233,95062544233,21.12.03,2003-12-21T00:00:00.000Z,"7331 Oak Ave, Alexandria, VA","7331 Oak Ave, Alexandria, VA"
159,1593,0.9,James Gonzalez,James Gonzalez,+21734405083,21734405083,04.04.82,1982-04-04T00:00:00.000Z,"6352 Main St, Alexandria, DC","6352 Main St, Alexandria, DC"
101,5580,0.9,David Wilson,David Wilson,+68468213281,68468213281,28.07.86,1986-07-28T00:00:00.000Z,"1803 Oak Ave, Norfolk, VA","1803 Oak Ave, Norfolk, VA"
13177,1718,0.81,Mary Martin,Mary Martin,+99966038511,99966038511,09.11.66,1966-11-09T00:00:00.000Z,"2080 Lakeview Dr, Arlington, VA","2080 Lakeview Dr, Arlington, VA"
12593,9347,0.81,William Williams,William Williams,+55693859085,55693859085,13.01.63,1963-01-13T00:00:00.000Z,"9344 Highland Rd, Baltimore, MD","9344 Highland Rd, Baltimore, MD"
8843,5124,0.81,Joseph Jones,Joseph Jones,+57953759857,57953759857,09.06.62,1962-06-09T00:00:00.000Z,"5169 Lakeview Dr, Bethesda, DC","5169 Lakeview Dr, Bethesda, DC"
12509,11512,0.78,Richard Garcia,Richard Garcia,+26816598000,26816598000,07.07.68,1968-07-07T00:00:00.000Z,"6638 Sunset Blvd, Arlington, DC","6638 Sunset Blvd, Arlington, DC"
12505,5541,0.78,Patricia Martinez,Patricia Martinez,+25886077524,25886077524,16/11/66,1966-11-16T00:00:00.000Z,"2870 Lakeview Dr, Arlington, VA","2870 Lakeview Dr, Arlington, VA"
6900,8552,0.78,Sandra Jones,Sandra Jones,+26979340856,26979340856,12.03.62,1962-03-12T00:00:00.000Z,"1034 Sunset Blvd, Rockville, VA","1034 Sunset Blvd, Rockville, VA"
3838,7808,0.78,Susan Rodriguez,Susan Rodriguez,+98583083003,98583083003,,1986-08-30T00:00:00.000Z,"9727 Oak Ave , Arlington , VA","9727 Oak Ave , Arlington , VA"
754,1899,0.78,Daniel Moore,Daniel Moore,+73103495257,73103495257,29.04.60,1960-04-29T00:00:00.000Z,"7203 Sunset Blvd, Baltimore, MD","7203 Sunset Blvd, Baltimore, MD"
1022,12765,0.775,Ana-Maria Jackson,Lisa Jackson,78129601049,78129601049,28.10.01,2001-10-28T00:00:00.000Z,"1941 Cedar Ln, Rockville, VA","1941 Cedar Ln, Rockville, VA"
11438,4425,0.76,James Martinez,James Martinez,+95660800482,95660800482,23.05.67,1967-05-23T00:00:00.000Z,"6531 Sunset Blvd, Fairfax, VA","6531 Sunset Blvd, Fairfax, VA"
9815,11875,0.76,Matthew Rodriguez,Matthew Rodriguez,+43476630906,43476630906,18.07.60,1960-07-18T00:00:00.000Z,"4823 Washington Ave, Arlington, MD","4823 Washington Ave, Arlington, MD"
7326,12576,0.76,Nancy Jackson,Nancy Jackson,+65049754450,65049754450,09.06.68,1968-06-09T00:00:00.000Z,"8038 Lakeview Dr, Richmond, MD","8038 Lakeview Dr, Richmond, MD"
6171,6596,0.76,Jennifer Jackson,Jennifer Jackson,+64164489120,64164489120,21.11.97,2000-09-09 00:00:00,"6843 Washington Ave, Arlington, VA","6843 Washington Ave, Arlington, VA"
6044,794,0.76,Nancy Martin,Nancy Martin,+47903964889,47903964889,14.11.61,1961-11-14T00:00:00.000Z,"3380 Highland Rd, Norfolk, MD","3380 Highland Rd, Norfolk, MD"
3902,13669,0.76,Jennifer Moore,Jennifer Moore,+31889721584,31889721584,28.05.66,1966-05-28T00:00:00.000Z,"8754 Highland Rd, Bethesda, DC","8754 Highland Rd, Bethesda, DC"
2948,11061,0.76,Susan Smith,Susan Smith,+52624870169,52624870169,12-07-21,2021-07-12T00:00:00.000Z,"6679 Lakeview Dr, Arlington, DC","6679 Lakeview Dr, Arlington, DC"
1898,791,0.76,Richard Gonzalez,Richard Gonzalez,+54162224272,54162224272,10.02.60,1960-02-10T00:00:00.000Z,"1490 Lakeview Dr, Annapolis, VA","1490 Lakeview Dr, Annapolis, VA"
893,13276,0.76,John Hernandez,John Hernandez,+23789739468,23789739468,06.10.68,1968-10-06T00:00:00.000Z,"5910 Cedar Ln, Norfolk, VA","5910 Cedar Ln, Norfolk, VA"
14761,5831,0.75,John Taylor,John Taylor,+34079731420,34079731420,19.05.65,1965-05-19T00:00:00.000Z,"7809 Oak Ave, Fairfax, VA","7809 Oak Ave, Fairfax, VA"
6225,10891,0.75,Karen Brown,Karen Brown,+73003440291,73003440291,05.02.81,1972-07-13 00:00:00,"7610 Cedar Ln, Baltimore, MD","7610 Cedar Ln, Baltimore, MD"
5840,2278,0.75,José Brown,Linda Brown,+23250788823,23250788823,04.10.70,1970-10-04T00:00:00.000Z,"8822 Washington Ave, Arlington, DC","8822 Washington Ave, Arlington, DC"
14862,9580,0.73,William Brown,William Brown,+52664463501,52664463501,06.04.67,1967-04-06T00:00:00.000Z,"3734 Washington Ave, Richmond, MD","3734 Washington Ave, Richmond, MD"
14756,8716,0.73,Anthony Johnson,Anthony Johnson,+94249121454,94249121454,1996-12-01,2016-11-25T00:00:00.000Z,"6167 Maple Dr, Alexandria, DC","6167 Maple Dr, Alexandria, DC"
14482,14402,0.73,Elizabeth Brown,Elizabeth Brown,+88391208190,88391208190,28.09.68,1968-09-28T00:00:00.000Z,"7621 Main St, Fairfax, VA","7621 Main St, Fairfax, VA"
14455,9300,0.73,John Taylor,John Taylor,+45221711850,45221711850,,1971-02-26T00:00:00.000Z,"5558 Sunset Blvd, Annapolis, DC","5558 Sunset Blvd, Annapolis, DC"
13976,5851,0.73,Jennifer Taylor,Jennifer Taylor,+53815659706,53815659706,29.03.62,1962-03-29T00:00:00.000Z,"5035 Lakeview Dr, Richmond, MD","5035 Lakeview Dr, Richmond, MD"
13932,5437,0.73,Jennifer Thomas,Jennifer Thomas,+38670883990,38670883990,27.07.68,1968-07-27T00:00:00.000Z,"1415 Lakeview Dr, Richmond, MD","1415 Lakeview Dr, Richmond, MD"
13777,440,0.73,Lisa Martin,Lisa Martin,+36583456338,36583456338,20.08.68,1968-08-20T00:00:00.000Z,"1199 Sunset Blvd, Alexandria, VA","1199 Sunset Blvd, Alexandria, VA"
13404,5951,0.73,Nancy Rodriguez,Nancy Rodriguez,+06808380373,06808380373,13.11.67,1967-11-13T00:00:00.000Z,"6285 Elm St, Baltimore, VA","6285 Elm St, Baltimore, VA"
13198,10942,0.73,Christopher Brown,Christopher Brown,+21376392799,21376392799,06.08.65,1965-08-06T00:00:00.000Z,"1305 cedar ln, norfolk, va","1305 Cedar Ln, Norfolk, VA"
13168,9119,0.73,Barbara Taylor,Barbara Taylor,+41336867215,41336867215,25.06.68,1968-06-25T00:00:00.000Z,"3143 Highland Rd, Norfolk, VA","3143 Highland Rd, Norfolk, VA"
13128,14578,0.73,Susan Brown,Susan Brown,+02224747600,02224747600,04.08.93,,"7288 Oak Ave, Richmond, DC","7288 Oak Ave, Richmond, DC"
12670,6436,0.73,William Thomas,William Thomas,+33091276899,33091276899,14.12.60,1960-12-14T00:00:00.000Z,"1892 Cedar Ln, Annapolis, MD","1892 Cedar Ln, Annapolis, MD"
12107,12166,0.73,Mary Hernandez,Mary Hernandez,+30263277910,30263277910,04.11.68,1968-11-04T00:00:00.000Z,"1249 Oak Ave, Fairfax, DC","1249 Oak Ave, Fairfax, DC"
11951,8916,0.73,David Martinez,David Martinez,+26229244207,26229244207,22.07.95,2022/04/03,"3292 Cedar Ln, Norfolk, MD","3292 Cedar Ln, Norfolk, MD"
11794,2737,0.73,James Gonzalez,James Gonzalez,+51126100132,51126100132,1996-12-01,2011-03-16T00:00:00.000Z,"282 Pine Rd, Arlington, DC","282 Pine Rd, Arlington, DC"
11293,3829,0.73,Robert Wilson,Robert Wilson,+94106446109,94106446109,27.08.63,1963-08-27T00:00:00.000Z,"8685 Lakeview Dr, Alexandria, MD","8685 Lakeview Dr, Alexandria, MD"
11108,11467,0.73,Daniel Martinez,Daniel Martinez,+47172462656,47172462656,09.08.63,1963-08-09T00:00:00.000Z,"7353 Lakeview Dr, Arlington, MD","7353 Lakeview Dr, Arlington, MD"
11081,9189,0.73,Robert Jones,Robert Jones,+63033561427,63033561427,28.07.63,1963-07-28T00:00:00.000Z,"5765 Maple Dr , Baltimore , MD","5765 Maple Dr , Baltimore , MD"
10968,6581,0.73,Sandra Miller,Sandra Miller,+00501937953,00501937953,1996-12-01,2014-01-15T00:00:00.000Z,"6106 Lakeview Dr, Alexandria, VA","6106 Lakeview Dr, Alexandria, VA"
10919,11368,0.73,Barbara Davis,Barbara Davis,+35863259480,35863259480,10.12.94,2021-11-28 00:00:00,"7871 Lakeview Dr, Rockville, VA","7871 Lakeview Dr, Rockville, VA"
10908,7717,0.73,Linda Jones,Linda Jones,+26411487612,26411487612,30.07.62,1962-07-30T00:00:00.000Z,"2254 Sunset Blvd, College Park, DC","2254 Sunset Blvd, College Park, DC"
10839,1906,0.73,Mary Thomas,Mary Thomas,+72493965357,72493965357,06.10.66,1966-10-06T00:00:00.000Z,"8095 Pine Rd, Bethesda, MD","8095 Pine Rd, Bethesda, MD"
10277,2657,0.73,John Hernandez,John Hernandez,+31794742224,31794742224,22.08.66,1966-08-22T00:00:00.000Z,"9480 Sunset Blvd, Baltimore, VA","9480 Sunset Blvd, Baltimore, VA"
8873,5368,0.73,Patricia Jackson,Patricia Jackson,+38451312417,38451312417,1996-12-01,1975-08-27T00:00:00.000Z,"7542 Pine Rd, Annapolis, MD","7542 Pine Rd, Annapolis, MD"
7879,6465,0.73,Richard Anderson,Richard Anderson,+16983952172,16983952172,09.04.68,1968-04-09T00:00:00.000Z,"8329 Lakeview Dr, Norfolk, VA","8329 Lakeview Dr, Norfolk, VA"
7408,5926,0.73,Michael Taylor,Michael Taylor,+60679314004,60679314004,24.05.61,1961-05-24T00:00:00.000Z,"8739 Cedar Ln, Richmond, DC","8739 Cedar Ln, Richmond, DC"
6924,4594,0.73,Lisa Wilson,Lisa Wilson,+48362581020,48362581020,02.02.69,1965/11/23,"5809 Elm St, Bethesda, VA","5809 Elm St, Bethesda, VA"
6884,11365,0.73,Anthony Anderson,Anthony Anderson,+44643455672,44643455672,15.06.63,1963-06-15T00:00:00.000Z,"6671 Elm St, Richmond, DC","6671 Elm St, Richmond, DC"
6370,6742,0.73,James Gonzalez,James Gonzalez,+19092282325,19092282325,20.01.65,1965-01-20T00:00:00.000Z,"9352 Cedar Ln, Fairfax, MD","9352 Cedar Ln, Fairfax, MD"
5505,14921,0.73,Robert Jones,Robert Jones,+47698408880,47698408880,26.05.60,1960-05-26T00:00:00.000Z,"8007 Lakeview Dr, Rockville, DC","8007 Lakeview Dr, Rockville, DC"
4778,11268,0.73,James Anderson,James Anderson,+34816435242,34816435242,31.10.61,1961-10-31T00:00:00.000Z,"9888 Elm St, Baltimore, MD","9888 Elm St, Baltimore, MD"
4247,2520,0.73,Joseph Smith,Joseph Smith,+62195847387,62195847387,13.06.62,1962-06-13T00:00:00.000Z,"3062 Lakeview Dr, Arlington, DC","3062 Lakeview Dr, Arlington, DC"
3814,7584,0.73,Karen Lopez,Karen Lopez,+55744284571,55744284571,18.02.65,1965-02-18T00:00:00.000Z,"7133 Sunset Blvd, College Park, VA","7133 Sunset Blvd, College Park, VA"
3324,13603,0.73,Jessica Hernandez,Jessica Hernandez,+40765831658,40765831658,1996-12-01,1986-11-01T00:00:00.000Z,"1305 Highland Rd, Bethesda, VA","1305 Highland Rd, Bethesda, VA"
1434,14501,0.73,Linda Gonzalez,Linda Gonzalez,+32245607894,32245607894,21.11.62,1962-11-21T00:00:00.000Z,"1697 Sunset Blvd, College Park, MD","1697 Sunset Blvd, College Park, MD"
1102,4997,0.73,David Jackson,David Jackson,+23671913102,23671913102,23.12.97,,"9721 Highland Rd, Bethesda, MD","9721 Highland Rd, Bethesda, MD"
65,6524,0.73,James wilson,James Wilson,+00222931503,00222931503,07.12.60,1960-12-07T00:00:00.000Z,"8485 Highland Rd, Arlington, MD","8485 Highland Rd, Arlington, MD"
7681,5912,0.725,O’Neil Smith,Matthew Smith,+74696434081,74696434081,14.09.70,1970-09-14T00:00:00.000Z,"6206 Cedar Ln, College Park, DC","6206 Cedar Ln, College Park, DC"
634,914,0.725,Łukasz Jones,Jessica Jones,+08766031126,08766031126,27.07.07,2007-07-27T00:00:00.000Z,"2285 Pine Rd, Rockville, MD","2285 Pine Rd, Rockville, MD"
14673,8184,0.7,Richard Thomas,Richard Thomas,+81878099895,81878099895,22.12.61,1961-12-22T00:00:00.000Z,"6538 Oak Ave, Alexandria, DC","6538 Oak Ave, Alexandria, DC"
14508,13023,0.7,Sandra Davis,Sandra Davis,+16422025139,16422025139,09.01.64,1964-01-09T00:00:00.000Z,"1891 Oak Ave, Bethesda, DC","1891 Oak Ave, Bethesda, DC"
14175,5460,0.7,James Brown,James Brown,+54841462898,54841462898,23.05.63,1963-05-23T00:00:00.000Z,"113 Main St, Annapolis, VA","113 Main St, Annapolis, VA"
14134,9629,0.7,Michael Rodriguez,Michael Rodriguez,+71847958779,71847958779,30.09.67,2015-06-24 00:00:00,"5575 Lakeview Dr, Alexandria, VA","5575 Lakeview Dr, Alexandria, VA"
14023,12857,0.7,Karen Williams,Karen Williams,+40231061132,40231061132,11.06.65,1965-06-11T00:00:00.000Z,"1713 Maple Dr, Richmond, DC","1713 Maple Dr, Richmond, DC"
13543,3429,0.7,Karen Lopez,Karen Lopez,+52799495584,52799495584,10.09.02,2004/01/07,"9290 Maple Dr, Arlington, VA","9290 Maple Dr, Arlington, VA"
13369,6179,0.7,Susan Jones,Susan Jones,+59202882007,59202882007,10.11.05,,"1572 Maple Dr, Arlington, VA","1572 Maple Dr, Arlington, VA"
13135,11957,0.7,David Smith,David Smith,+36783313575,36783313575,23.05.66,1966-05-23T00:00:00.000Z,"3224 Cedar Ln, Richmond, DC","3224 Cedar Ln, Richmond, DC"
12628,160,0.7,Linda Lopez,  LINDA LOPEZ ,+46132247334,46132247334,04.02.64,1964-02-04T00:00:00.000Z,"5154 Lakeview Dr, College Park, VA","5154 Lakeview Dr, College Park, VA"
12015,2743,0.7,Lisa Martin,Lisa Martin,+75179750055,75179750055,04.06.84,1991/03/03,"1523 Oak Ave, Baltimore, DC","1523 Oak Ave, Baltimore, DC"
11581,7742,0.7,David Williams,David Williams,+81816653840,81816653840,07.03.68,1968-03-07T00:00:00.000Z,"9903 Oak Ave, Bethesda, DC","9903 Oak Ave, Bethesda, DC"
11579,6543,0.7,Anthony Martinez,Anthony Martinez,+25268969281,25268969281,09.07.86,,"7984 Highland Rd, Alexandria, MD","7984 Highland Rd, Alexandria, MD"
10855,10883,0.7,Robert Garcia,Robert Garcia,+59965759009,59965759009,21.05.61,1961-05-21T00:00:00.000Z,"APT 2, 4596 Maple Dr, College Park, MD","4596 Maple Dr, College Park, MD"
10834,8489,0.7,Richard Taylor,Richard Taylor,+03635080081,03635080081,,1976-07-04T00:00:00.000Z,"8508 Pine Rd, Baltimore, MD","8508 Pine Rd, Baltimore, MD"
10653,3282,0.7,William Smith,William Smith,+07318021293,07318021293,04.02.61,1961-02-04T00:00:00.000Z,"1457 Elm St, Arlington, VA","1457 Elm St, Arlington, VA"
10471,4874,0.7,Mary Lopez,Mary Lopez,+00218889530,00218889530,30.05.61,1961-05-30T00:00:00.000Z," 4529 Maple Dr, Annapolis, MD ","4529 Maple Dr, Annapolis, MD"
10448,6813,0.7,Matthew Garcia,Matthew Garcia,+38261414307,38261414307,29.05.67,1967-05-29T00:00:00.000Z,"7397 Maple Dr, Rockville, MD","7397 Maple Dr, Rockville, MD"
10420,3518,0.7,Richard Johnson,Richard Johnson,+46546622836,46546622836,21.09.60,1960-09-21T00:00:00.000Z,"6380 Maple Dr, Richmond, DC","6380 Maple Dr, Richmond, DC"
10102,1986,0.7,Nancy Davis,Nancy Davis,+04701032168,04701032168,1996-12-01,1976-01-19T00:00:00.000Z,"8020 Elm St, Bethesda, VA","8020 Elm St, Bethesda, VA"
9969,2275,0.7,Elizabeth Thomas,Elizabeth Thomas,+67505362041,67505362041,27.10.67,1967-10-27T00:00:00.000Z,"3099 Elm St, Richmond, MD","3099 Elm St, Richmond, MD"
9884,5463,0.7,Elizabeth Jackson,Elizabeth Jackson,+78144792540,78144792540,14.05.66,1966-05-14T00:00:00.000Z,"2688 Elm St, Rockville, DC","2688 Elm St, Rockville, DC"
9696,6004,0.7,Daniel Lopez,Daniel Lopez,+62586251773,62586251773,05.11.61,1961-11-05T00:00:00.000Z,"6914 Oak Ave, College Park, MD","6914 Oak Ave, College Park, MD"
9628,5619,0.7,Anthony Garcia,Anthony Garcia,+35398428368,35398428368,31.03.67,1967-03-31T00:00:00.000Z,"5182 Main St, Baltimore, VA","5182 Main St, Baltimore, VA"
9376,1598,0.7,Christopher Johnson,Christopher Johnson,+89202045061,89202045061,04.01.67,1967-01-04T00:00:00.000Z,"8167 Elm St, Arlington, MD","8167 Elm St, Arlington, MD"
9244,4355,0.7,Joseph Jones,Joseph Jones,+59178282566,59178282566,23/06/61,1961-06-23T00:00:00.000Z,"2849 Cedar Ln, Bethesda, VA","2849 Cedar Ln, Bethesda, VA"
9240,11310,0.7,Karen Wilson,Karen Wilson,+96480405413,96480405413,24/10/83,1983-10-24T00:00:00.000Z,"7557 Pine Rd, Norfolk, VA","7557 Pine Rd, Norfolk, VA"
8985,2343,0.7,David Thomas,David Thomas,+41700908314,41700908314,14.07.68,1968-07-14T00:00:00.000Z,"7557 Cedar Ln, Richmond, MD","7557 Cedar Ln, Richmond, MD"
8386,6750,0.7,Mary Williams,Mary Williams,+06744277897,06744277897,03.06.60,1960-06-03T00:00:00.000Z,"8499 Cedar Ln, Arlington, VA","8499 Cedar Ln, Arlington, VA"
7782,7660,0.7,James Miller,James Miller,+28104058506,28104058506,02.04.63,1963-04-02T00:00:00.000Z,"3617 Elm St, College Park, MD","3617 Elm St, College Park, MD"
7641,4212,0.7,Linda Davis,Linda Davis,+76321609164,76321609164,12-12-95,1995-12-12T00:00:00.000Z,"9719 Main St, Baltimore, MD","9719 Main St, Baltimore, MD"
7446,11011,0.7,Joseph Johnson,Joseph Johnson,+43709970083,43709970083,03.02.68,1968-02-03T00:00:00.000Z,"168 Washington Ave, College Park, VA","168 Washington Ave, College Park, VA"
7138,9158,0.7,Patricia Gonzalez,Patricia Gonzalez,+56960381634,56960381634,03.09.61,1961-09-03T00:00:00.000Z,"4472 Elm St, Norfolk, VA","4472 Elm St, Norfolk, VA"
7108,6631,0.7,Elizabeth Rodriguez,Elizabeth Rodriguez,+26266723992,26266723992,01.03.62,1962-03-01T00:00:00.000Z,"5355 Pine Rd, Annapolis, MD","5355 Pine Rd, Annapolis, MD"
6918,13330,0.7,Lisa Williams,Lisa Williams,+77798541577,77798541577,08.12.68,1968-12-08T00:00:00.000Z,"2895 Maple Dr, Bethesda, DC","2895 Maple Dr, Bethesda, DC"
6786,8613,0.7,Michael Taylor,Michael Taylor,+50303000808,50303000808,26.09.65,1965-09-26T00:00:00.000Z,"5410 Maple Dr, Bethesda, MD","5410 Maple Dr, Bethesda, MD"
6732,10351,0.7,Susan Gonzalez,Susan Gonzalez,+28073985162,28073985162,15.07.66,1966-07-15T00:00:00.000Z,"7968 Highland Rd, College Park, MD","7968 Highland Rd, College Park, MD"
5529,13320,0.7,Daniel Rodriguez,Daniel Rodriguez,+73258247842,73258247842,16.11.61,1961-11-16T00:00:00.000Z,"8617 Main St, College Park, MD","8617 Main St, College Park, MD"
4653,10417,0.7,Sandra Garcia,Sandra Garcia,+12441222946,12441222946,31.01.65,1965-01-31T00:00:00.000Z,"3682 Oak Ave, Alexandria, DC","3682 Oak Ave, Alexandria, DC"
4515,6979,0.7,Matthew Anderson,Matthew Anderson,+40109992975,40109992975,14.04.61,1961-04-14T00:00:00.000Z,"6973 Maple Dr, Baltimore, MD","6973 Maple Dr, Baltimore, MD"
4441,10201,0.7,Richard Jones,Richard Jones,+04452719402,04452719402,04.05.66,1966-05-04T00:00:00.000Z,"1894 Oak Ave, Baltimore, DC","1894 Oak Ave, Baltimore, DC"
4156,12770,0.7,Robert Martin,Robert Martin,+20748216590,20748216590,23.05.68,1968-05-23T00:00:00.000Z,"7710 Elm St, Richmond, MD","7710 Elm St, Richmond, MD"
3922,10865,0.7,Matthew Martinez,Matthew Martinez,+70646436813,70646436813,08.12.66,1966-12-08T00:00:00.000Z,"8186 Oak Ave, Bethesda, MD","8186 Oak Ave, Bethesda, MD"
3891,14181,0.7,William Hernandez,William Hernandez,+13391455584,13391455584,14.05.61,1961-05-14T00:00:00.000Z,"2057 Main St, Alexandria, VA","2057 Main St, Alexandria, VA"
3883,4896,0.7,Nancy Smith,Nancy Smith,+07260222808,07260222808,03.06.91,2001-10-18,"8418 Elm St, Richmond, MD","8418 Elm St, Richmond, MD"
3011,11550,0.7,William Johnson,William Johnson,+82430705585,82430705585,01.12.61,1961-12-01T00:00:00.000Z,"9824 Cedar Ln, Baltimore, DC","9824 Cedar Ln, Baltimore, DC"
2930,4341,0.7,Lisa Lopez,Lisa Lopez,+94745769009,94745769009,10.01.67,1967-01-10T00:00:00.000Z,"1774 Pine Rd, Baltimore, DC","1774 Pine Rd, Baltimore, DC"
2720,9223,0.7,James Brown,James Brown,+65817988274,65817988274,26.02.64,1964-02-26T00:00:00.000Z,"5371 Cedar Ln, College Park, VA","5371 Cedar Ln, College Park, VA"
2138,3755,0.7,James   Brown,James Brown,+61589118857,61589118857,28.06.67,1967-06-28T00:00:00.000Z,"2740 Elm St, Annapolis, MD","2740 Elm St, Annapolis, MD"
2134,2364,0.7,Anthony Hernandez,Anthony Hernandez,+83539310282,83539310282,15.02.64,1964-02-15T00:00:00.000Z,"4002 Cedar Ln, Richmond, DC","4002 Cedar Ln, Richmond, DC"
1671,9821,0.7,Elizabeth Lopez,Elizabeth Lopez,+90742064885,90742064885,14.08.66,1966-08-14T00:00:00.000Z,"1216 Sunset Blvd, College Park, MD","1216 Sunset Blvd, College Park, MD"
1602,2507,0.7,Barbara Garcia,Barbara Garcia,+09405443286,09405443286,31.08.65,1965-08-31T00:00:00.000Z,"7067 Main St, Arlington, VA","7067 Main St, Arlington, VA"
10,1594,0.7,Lisa Moore,Lisa Moore,+68609632376,68609632376,10.03.73,1966-09-02 00:00:00,"7956 Elm St, Annapolis, MD","7956 Elm St, Annapolis, MD"
14900,532,0.66,Anthony Anderson,Anthony Anderson,+82A71147641,36373623415,12.04.89,1989-04-12T00:00:00.000Z,"9627 Highland Rd, Rockville, MD","9627 Highland Rd, Rockville, MD"
14484,14712,0.63,Nancy Garcia,Nancy Garcia,+81382572994,28963849077,06.03.71,1971-03-06T00:00:00.000Z,"3153 Main St, Fairfax, DC","3153 Main St, Fairfax, DC"
9205,13651,0.63,James Brown,James Brown,+47066083098,,24.04.16,2016-04-24T00:00:00.000Z,"4702 Sunset Blvd, Alexandria, DC","4702 Sunset Blvd, Alexandria, DC"
3792,10957,0.63,Robert Anderson,Robert Anderson,+97319898438,37489046758,27.12.19,2019-12-27T00:00:00.000Z,"4058 Highland Rd, Bethesda, VA","4058 Highland Rd, Bethesda, VA"
4467,9341,0.61,Anthony Johnson,Anthony Johnson,+19082727075,1-908-2727-0750,28.01.05,2005-01-28T00:00:00.000Z,"2701 Cedar Ln, Fairfax, MD","2701 Cedar Ln, Fairfax, MD"
13148,2923,0.6,Robert Martinez,  ROBERT MARTINEZ ,+972275253351,97227525335,04.12.69,1969-12-04T00:00:00.000Z,"6183 Oak Ave, Baltimore, DC","6183 Oak Ave, Baltimore, DC"
